StoreID,StoreType,Assortment,CompetitionDistance,CompetitionOpenSinceMonth,CompetitionOpenSinceYear,Promo2,Promo2SinceWeek,Promo2SinceYear,PromoInterval,CompetitionCategory,HasCompetition
1,c,a,1270.0,9.0,2008.0,0,0.0,0.0,None,Close,1
2,a,a,570.0,11.0,2007.0,1,13.0,2010.0,"Jan,Apr,Jul,Oct",Close,1
3,a,a,14130.0,12.0,2006.0,1,14.0,2011.0,"Jan,Apr,Jul,Oct",Far,1
4,c,c,620.0,9.0,2009.0,0,0.0,0.0,None,Close,1
5,a,a,29910.0,4.0,2015.0,0,0.0,0.0,None,Far,1
6,a,a,310.0,12.0,2013.0,0,0.0,0.0,None,Very Close,1
7,a,c,24000.0,4.0,2013.0,0,0.0,0.0,None,Far,1
8,a,a,7520.0,10.0,2014.0,0,0.0,0.0,None,Far,1
9,a,c,2030.0,8.0,2000.0,0,0.0,0.0,None,Moderate,1
10,a,a,3160.0,9.0,2009.0,0,0.0,0.0,None,Moderate,1
11,a,c,960.0,11.0,2011.0,1,1.0,2012.0,"Jan,Apr,Jul,Oct",Close,1
12,a,c,1070.0,0.0,0.0,1,13.0,2010.0,"Jan,Apr,Jul,Oct",Close,1
13,d,a,310.0,0.0,0.0,1,45.0,2009.0,"Feb,May,Aug,Nov",Very Close,1
14,a,a,1300.0,3.0,2014.0,1,40.0,2011.0,"Jan,Apr,Jul,Oct",Close,1
15,d,c,4110.0,3.0,2010.0,1,14.0,2011.0,"Jan,Apr,Jul,Oct",Moderate,1
16,a,c,3270.0,0.0,0.0,0,0.0,0.0,None,Moderate,1
17,a,a,50.0,12.0,2005.0,1,26.0,2010.0,"Jan,Apr,Jul,Oct",Very Close,1
18,d,c,13840.0,6.0,2010.0,1,14.0,2012.0,"Jan,Apr,Jul,Oct",Far,1
19,a,c,3240.0,0.0,0.0,1,22.0,2011.0,"Mar,Jun,Sept,Dec",Moderate,1
20,d,a,2340.0,5.0,2009.0,1,40.0,2014.0,"Jan,Apr,Jul,Oct",Moderate,1
21,c,c,550.0,10.0,1999.0,1,45.0,2009.0,"Jan,Apr,Jul,Oct",Close,1
22,a,a,1040.0,0.0,0.0,1,22.0,2012.0,"Jan,Apr,Jul,Oct",Close,1
23,d,a,4060.0,8.0,2005.0,0,0.0,0.0,None,Moderate,1
24,a,c,4590.0,3.0,2000.0,1,40.0,2011.0,"Jan,Apr,Jul,Oct",Moderate,1
25,c,a,430.0,4.0,2003.0,0,0.0,0.0,None,Very Close,1
26,d,a,2300.0,0.0,0.0,0,0.0,0.0,None,Moderate,1
27,a,a,60.0,1.0,2005.0,1,5.0,2011.0,"Jan,Apr,Jul,Oct",Very Close,1
28,a,a,1200.0,10.0,2014.0,1,6.0,2015.0,"Mar,Jun,Sept,Dec",Close,1
29,d,c,2170.0,0.0,0.0,0,0.0,0.0,None,Moderate,1
30,a,a,40.0,2.0,2014.0,1,10.0,2014.0,"Mar,Jun,Sept,Dec",Very Close,1
31,d,c,9800.0,7.0,2012.0,0,0.0,0.0,None,Far,1
32,a,a,2910.0,0.0,0.0,1,45.0,2009.0,"Feb,May,Aug,Nov",Moderate,1
33,a,c,1320.0,5.0,2013.0,0,0.0,0.0,None,Close,1
34,c,a,2240.0,9.0,2009.0,0,0.0,0.0,None,Moderate,1
35,d,c,7660.0,10.0,2000.0,1,1.0,2012.0,"Jan,Apr,Jul,Oct",Far,1
36,a,c,540.0,6.0,2003.0,1,40.0,2014.0,"Jan,Apr,Jul,Oct",Close,1
37,c,a,4230.0,12.0,2014.0,0,0.0,0.0,None,Moderate,1
38,d,a,1090.0,4.0,2007.0,0,0.0,0.0,None,Close,1
39,a,a,260.0,10.0,2006.0,1,31.0,2013.0,"Feb,May,Aug,Nov",Very Close,1
40,a,a,180.0,0.0,0.0,1,45.0,2009.0,"Feb,May,Aug,Nov",Very Close,1
41,d,c,1180.0,0.0,0.0,1,31.0,2013.0,"Jan,Apr,Jul,Oct",Close,1
42,a,c,290.0,0.0,0.0,1,40.0,2011.0,"Jan,Apr,Jul,Oct",Very Close,1
43,d,a,4880.0,0.0,0.0,1,37.0,2009.0,"Jan,Apr,Jul,Oct",Moderate,1
44,a,a,540.0,6.0,2011.0,0,0.0,0.0,None,Close,1
45,d,a,9710.0,2.0,2014.0,0,0.0,0.0,None,Far,1
46,c,a,1200.0,9.0,2005.0,1,14.0,2011.0,"Jan,Apr,Jul,Oct",Close,1
47,a,c,270.0,4.0,2013.0,1,14.0,2013.0,"Jan,Apr,Jul,Oct",Very Close,1
48,a,a,1060.0,5.0,2012.0,0,0.0,0.0,None,Close,1
49,d,c,18010.0,9.0,2007.0,0,0.0,0.0,None,Far,1
50,d,a,6260.0,11.0,2009.0,0,0.0,0.0,None,Far,1
51,a,c,10570.0,7.0,2013.0,1,9.0,2011.0,"Jan,Apr,Jul,Oct",Far,1
52,d,c,450.0,4.0,2014.0,1,39.0,2010.0,"Jan,Apr,Jul,Oct",Very Close,1
53,a,c,30360.0,9.0,2013.0,0,0.0,0.0,None,Far,1
54,d,c,7170.0,8.0,2014.0,1,5.0,2013.0,"Feb,May,Aug,Nov",Far,1
55,a,a,720.0,11.0,2004.0,0,0.0,0.0,None,Close,1
56,d,c,6620.0,3.0,2012.0,1,10.0,2014.0,"Mar,Jun,Sept,Dec",Far,1
57,d,c,420.0,6.0,2014.0,0,0.0,0.0,None,Very Close,1
58,a,c,7340.0,5.0,2008.0,1,27.0,2012.0,"Jan,Apr,Jul,Oct",Far,1
59,a,c,2840.0,6.0,2007.0,1,14.0,2011.0,"Jan,Apr,Jul,Oct",Moderate,1
60,d,c,5540.0,10.0,2009.0,0,0.0,0.0,None,Far,1
61,a,c,350.0,12.0,2007.0,1,1.0,2012.0,"Jan,Apr,Jul,Oct",Very Close,1
62,a,a,2050.0,0.0,0.0,0,0.0,0.0,None,Moderate,1
63,c,c,3700.0,6.0,2010.0,1,18.0,2010.0,"Feb,May,Aug,Nov",Moderate,1
64,d,c,22560.0,0.0,0.0,1,14.0,2013.0,"Jan,Apr,Jul,Oct",Far,1
65,a,c,13840.0,5.0,2010.0,1,1.0,2012.0,"Jan,Apr,Jul,Oct",Far,1
66,d,a,7660.0,0.0,0.0,1,37.0,2009.0,"Jan,Apr,Jul,Oct",Far,1
67,a,c,410.0,2.0,2006.0,0,0.0,0.0,None,Very Close,1
68,a,c,250.0,0.0,0.0,1,35.0,2012.0,"Mar,Jun,Sept,Dec",Very Close,1
69,c,c,1130.0,0.0,0.0,1,40.0,2011.0,"Jan,Apr,Jul,Oct",Close,1
70,c,c,4840.0,0.0,0.0,0,0.0,0.0,None,Moderate,1
71,a,a,17500.0,8.0,2008.0,1,37.0,2009.0,"Mar,Jun,Sept,Dec",Far,1
72,a,a,2200.0,12.0,2009.0,1,13.0,2010.0,"Jan,Apr,Jul,Oct",Moderate,1
73,a,c,1650.0,9.0,2008.0,0,0.0,0.0,None,Close,1
74,a,a,330.0,0.0,0.0,0,0.0,0.0,None,Very Close,1
75,d,c,22440.0,12.0,2013.0,0,0.0,0.0,None,Far,1
76,d,c,19960.0,3.0,2006.0,0,0.0,0.0,None,Far,1
77,d,c,1090.0,8.0,2009.0,1,10.0,2014.0,"Jan,Apr,Jul,Oct",Close,1
78,a,a,3510.0,11.0,2006.0,1,5.0,2013.0,"Feb,May,Aug,Nov",Moderate,1
79,a,a,3320.0,0.0,0.0,0,0.0,0.0,None,Moderate,1
80,d,a,7910.0,0.0,0.0,0,0.0,0.0,None,Far,1
81,a,a,2370.0,3.0,2011.0,1,40.0,2014.0,"Jan,Apr,Jul,Oct",Moderate,1
82,a,a,22390.0,4.0,2008.0,1,37.0,2009.0,"Jan,Apr,Jul,Oct",Far,1
83,a,a,2710.0,0.0,0.0,0,0.0,0.0,None,Moderate,1
84,a,c,11810.0,8.0,2014.0,0,0.0,0.0,None,Far,1
85,b,a,1870.0,10.0,2011.0,0,0.0,0.0,None,Close,1
86,a,a,480.0,2.0,2005.0,1,31.0,2013.0,"Jan,Apr,Jul,Oct",Very Close,1
87,a,a,560.0,12.0,2010.0,0,0.0,0.0,None,Close,1
88,a,a,10690.0,10.0,2005.0,0,0.0,0.0,None,Far,1
89,a,a,2380.0,7.0,2004.0,1,40.0,2014.0,"Jan,Apr,Jul,Oct",Moderate,1
90,a,a,330.0,11.0,2007.0,0,0.0,0.0,None,Very Close,1
91,c,a,2410.0,0.0,0.0,1,35.0,2011.0,"Jan,Apr,Jul,Oct",Moderate,1
92,c,a,240.0,0.0,0.0,1,45.0,2009.0,"Feb,May,Aug,Nov",Very Close,1
93,a,a,16690.0,0.0,0.0,1,14.0,2011.0,"Jan,Apr,Jul,Oct",Far,1
94,d,c,14620.0,0.0,0.0,0,0.0,0.0,None,Far,1
95,a,a,1890.0,10.0,2014.0,0,0.0,0.0,None,Close,1
96,a,a,8780.0,2.0,2005.0,1,37.0,2009.0,"Jan,Apr,Jul,Oct",Far,1
97,d,c,8980.0,0.0,0.0,0,0.0,0.0,None,Far,1
98,d,c,15140.0,12.0,2006.0,1,1.0,2012.0,"Jan,Apr,Jul,Oct",Far,1
99,c,c,2030.0,11.0,2003.0,1,22.0,2012.0,"Mar,Jun,Sept,Dec",Moderate,1
100,d,a,17930.0,0.0,0.0,0,0.0,0.0,None,Far,1
101,d,c,2440.0,0.0,0.0,1,22.0,2012.0,"Mar,Jun,Sept,Dec",Moderate,1
102,a,a,150.0,12.0,2007.0,1,10.0,2014.0,"Mar,Jun,Sept,Dec",Very Close,1
103,d,c,5210.0,5.0,2015.0,0,0.0,0.0,None,Far,1
104,a,a,390.0,6.0,2009.0,0,0.0,0.0,None,Very Close,1
105,a,c,6190.0,0.0,0.0,1,23.0,2013.0,"Mar,Jun,Sept,Dec",Far,1
106,a,a,1390.0,8.0,2013.0,0,0.0,0.0,None,Close,1
107,a,a,1930.0,9.0,2009.0,0,0.0,0.0,None,Close,1
108,d,c,2190.0,9.0,2003.0,0,0.0,0.0,None,Moderate,1
109,a,c,3300.0,11.0,2010.0,0,0.0,0.0,None,Moderate,1
110,a,c,46590.0,4.0,2013.0,0,0.0,0.0,None,Far,1
111,d,c,7890.0,0.0,0.0,1,37.0,2009.0,"Jan,Apr,Jul,Oct",Far,1
112,a,a,1630.0,9.0,2009.0,0,0.0,0.0,None,Close,1
113,d,c,20930.0,11.0,1999.0,0,0.0,0.0,None,Far,1
114,c,a,4510.0,0.0,0.0,1,48.0,2011.0,"Mar,Jun,Sept,Dec",Moderate,1
115,d,c,5740.0,4.0,2007.0,1,40.0,2014.0,"Jan,Apr,Jul,Oct",Far,1
116,a,a,680.0,4.0,2013.0,0,0.0,0.0,None,Close,1
117,a,a,3450.0,9.0,2011.0,0,0.0,0.0,None,Moderate,1
118,d,c,3580.0,9.0,2012.0,0,0.0,0.0,None,Moderate,1
119,a,c,2100.0,2.0,2010.0,0,0.0,0.0,None,Moderate,1
120,d,a,2290.0,12.0,2014.0,1,37.0,2009.0,"Jan,Apr,Jul,Oct",Moderate,1
121,a,a,3570.0,11.0,2009.0,1,36.0,2013.0,"Mar,Jun,Sept,Dec",Moderate,1
122,a,c,58260.0,4.0,2013.0,0,0.0,0.0,None,Far,1
123,a,a,16760.0,9.0,2011.0,0,0.0,0.0,None,Far,1
124,a,a,1410.0,4.0,2003.0,0,0.0,0.0,None,Close,1
125,a,a,760.0,12.0,2005.0,0,0.0,0.0,None,Close,1
126,d,a,3370.0,10.0,2014.0,1,18.0,2011.0,"Feb,May,Aug,Nov",Moderate,1
127,d,a,1350.0,12.0,2005.0,1,13.0,2010.0,"Jan,Apr,Jul,Oct",Close,1
128,d,c,2000.0,0.0,0.0,1,1.0,2013.0,"Jan,Apr,Jul,Oct",Moderate,1
129,a,a,2460.0,0.0,0.0,1,14.0,2011.0,"Jan,Apr,Jul,Oct",Moderate,1
130,c,a,900.0,0.0,0.0,1,13.0,2010.0,"Jan,Apr,Jul,Oct",Close,1
131,c,a,920.0,7.0,2015.0,0,0.0,0.0,None,Close,1
132,d,c,1040.0,0.0,0.0,1,27.0,2012.0,"Jan,Apr,Jul,Oct",Close,1
133,a,a,270.0,8.0,2013.0,1,10.0,2014.0,"Mar,Jun,Sept,Dec",Very Close,1
134,a,a,1200.0,9.0,2008.0,0,0.0,0.0,None,Close,1
135,d,a,5190.0,0.0,0.0,1,1.0,2013.0,"Jan,Apr,Jul,Oct",Far,1
136,a,c,2200.0,12.0,2010.0,1,22.0,2012.0,"Feb,May,Aug,Nov",Moderate,1
137,a,a,1730.0,7.0,2015.0,1,40.0,2014.0,"Jan,Apr,Jul,Oct",Close,1
138,a,c,25360.0,10.0,2014.0,0,0.0,0.0,None,Far,1
139,a,a,1700.0,1.0,2008.0,1,14.0,2011.0,"Jan,Apr,Jul,Oct",Close,1
140,a,c,1090.0,7.0,2010.0,1,1.0,2013.0,"Jan,Apr,Jul,Oct",Close,1
141,c,c,1540.0,0.0,0.0,1,22.0,2012.0,"Mar,Jun,Sept,Dec",Close,1
142,a,a,1090.0,7.0,2002.0,0,0.0,0.0,None,Close,1
143,d,a,2930.0,12.0,2002.0,0,0.0,0.0,None,Moderate,1
144,a,c,16570.0,0.0,0.0,0,0.0,0.0,None,Far,1
145,a,a,280.0,0.0,0.0,1,45.0,2009.0,"Feb,May,Aug,Nov",Very Close,1
146,d,c,8050.0,10.0,1961.0,1,48.0,2012.0,"Jan,Apr,Jul,Oct",Far,1
147,d,c,8540.0,0.0,0.0,0,0.0,0.0,None,Far,1
148,a,a,2090.0,12.0,2008.0,0,0.0,0.0,None,Moderate,1
149,d,a,2610.0,7.0,2006.0,1,14.0,2011.0,"Jan,Apr,Jul,Oct",Moderate,1
150,c,c,31830.0,3.0,2010.0,0,0.0,0.0,None,Far,1
151,d,c,4360.0,10.0,2005.0,0,0.0,0.0,None,Moderate,1
152,a,a,1780.0,0.0,0.0,0,0.0,0.0,None,Close,1
153,a,a,16240.0,10.0,2000.0,1,18.0,2011.0,"Feb,May,Aug,Nov",Far,1
154,d,c,16420.0,0.0,0.0,0,0.0,0.0,None,Far,1
155,d,a,3050.0,0.0,0.0,1,35.0,2010.0,"Jan,Apr,Jul,Oct",Moderate,1
156,a,a,2020.0,2.0,2011.0,1,14.0,2011.0,"Mar,Jun,Sept,Dec",Moderate,1
157,a,c,2950.0,10.0,2004.0,0,0.0,0.0,None,Moderate,1
158,d,c,11840.0,0.0,0.0,1,31.0,2009.0,"Feb,May,Aug,Nov",Far,1
159,d,a,8530.0,3.0,2013.0,0,0.0,0.0,None,Far,1
160,d,c,17110.0,11.0,2005.0,0,0.0,0.0,None,Far,1
161,a,c,2970.0,3.0,2005.0,0,0.0,0.0,None,Moderate,1
162,d,c,5340.0,3.0,2012.0,1,13.0,2010.0,"Jan,Apr,Jul,Oct",Far,1
163,a,a,1480.0,4.0,2009.0,0,0.0,0.0,None,Close,1
164,a,a,1160.0,9.0,2005.0,1,13.0,2010.0,"Jan,Apr,Jul,Oct",Close,1
165,a,a,3720.0,4.0,2005.0,1,13.0,2010.0,"Jan,Apr,Jul,Oct",Moderate,1
166,a,c,100.0,4.0,2014.0,1,31.0,2013.0,"Jan,Apr,Jul,Oct",Very Close,1
167,a,a,140.0,4.0,2008.0,0,0.0,0.0,None,Very Close,1
168,a,a,12540.0,0.0,0.0,0,0.0,0.0,None,Far,1
169,d,a,980.0,7.0,2014.0,1,18.0,2014.0,"Feb,May,Aug,Nov",Close,1
170,a,a,1070.0,5.0,2015.0,1,14.0,2011.0,"Jan,Apr,Jul,Oct",Close,1
171,a,a,2640.0,0.0,0.0,0,0.0,0.0,None,Moderate,1
172,a,a,110.0,0.0,0.0,1,40.0,2014.0,"Jan,Apr,Jul,Oct",Very Close,1
173,a,a,350.0,12.0,2012.0,0,0.0,0.0,None,Very Close,1
174,a,a,13090.0,0.0,0.0,1,22.0,2012.0,"Jan,Apr,Jul,Oct",Far,1
175,c,a,4130.0,0.0,0.0,0,0.0,0.0,None,Moderate,1
176,a,a,3770.0,0.0,0.0,0,0.0,0.0,None,Moderate,1
177,a,a,1250.0,2.0,2004.0,1,5.0,2013.0,"Feb,May,Aug,Nov",Close,1
178,d,a,1710.0,0.0,0.0,0,0.0,0.0,None,Close,1
179,a,c,480.0,0.0,0.0,0,0.0,0.0,None,Very Close,1
180,d,a,5800.0,9.0,2010.0,0,0.0,0.0,None,Far,1
181,a,a,12610.0,3.0,2013.0,1,14.0,2011.0,"Jan,Apr,Jul,Oct",Far,1
182,d,c,1390.0,0.0,0.0,1,9.0,2011.0,"Mar,Jun,Sept,Dec",Close,1
183,a,a,9670.0,0.0,0.0,0,0.0,0.0,None,Far,1
184,d,c,3560.0,0.0,0.0,0,0.0,0.0,None,Moderate,1
185,d,c,1860.0,5.0,2015.0,0,0.0,0.0,None,Close,1
186,a,a,290.0,10.0,2011.0,1,40.0,2014.0,"Jan,Apr,Jul,Oct",Very Close,1
187,a,c,19360.0,0.0,0.0,0,0.0,0.0,None,Far,1
188,d,a,850.0,0.0,0.0,1,18.0,2011.0,"Feb,May,Aug,Nov",Close,1
189,d,a,5760.0,7.0,2014.0,0,0.0,0.0,None,Far,1
190,a,a,1470.0,12.0,2006.0,1,40.0,2014.0,"Jan,Apr,Jul,Oct",Close,1
191,a,a,1100.0,8.0,2013.0,1,40.0,2014.0,"Jan,Apr,Jul,Oct",Close,1
192,d,c,2770.0,3.0,2008.0,1,40.0,2014.0,"Jan,Apr,Jul,Oct",Moderate,1
193,a,a,520.0,0.0,0.0,0,0.0,0.0,None,Close,1
194,d,c,16970.0,0.0,0.0,1,5.0,2013.0,"Feb,May,Aug,Nov",Far,1
195,a,c,220.0,0.0,0.0,0,0.0,0.0,None,Very Close,1
196,c,a,3850.0,11.0,2005.0,1,14.0,2011.0,"Jan,Apr,Jul,Oct",Moderate,1
197,c,a,4210.0,3.0,2015.0,0,0.0,0.0,None,Moderate,1
198,a,a,290.0,9.0,2002.0,1,13.0,2010.0,"Jan,Apr,Jul,Oct",Very Close,1
199,d,c,6360.0,12.0,2010.0,1,14.0,2012.0,"Mar,Jun,Sept,Dec",Far,1
200,a,a,1650.0,10.0,2000.0,0,0.0,0.0,None,Close,1
201,d,a,20260.0,0.0,0.0,1,18.0,2014.0,"Mar,Jun,Sept,Dec",Far,1
202,d,c,5140.0,5.0,2010.0,0,0.0,0.0,None,Far,1
203,c,c,490.0,11.0,2002.0,0,0.0,0.0,None,Very Close,1
204,a,a,5630.0,12.0,2002.0,1,40.0,2014.0,"Jan,Apr,Jul,Oct",Far,1
205,a,a,110.0,12.0,2007.0,0,0.0,0.0,None,Very Close,1
206,a,c,380.0,0.0,0.0,1,14.0,2012.0,"Jan,Apr,Jul,Oct",Very Close,1
207,a,a,6870.0,0.0,0.0,0,0.0,0.0,None,Far,1
208,c,a,300.0,4.0,2006.0,0,0.0,0.0,None,Very Close,1
209,a,c,11680.0,9.0,2011.0,1,31.0,2013.0,"Jan,Apr,Jul,Oct",Far,1
210,d,a,970.0,11.0,1999.0,1,5.0,2013.0,"Feb,May,Aug,Nov",Close,1
211,a,c,350.0,11.0,2006.0,0,0.0,0.0,None,Very Close,1
212,a,c,15050.0,9.0,2008.0,0,0.0,0.0,None,Far,1
213,d,c,4030.0,3.0,2014.0,1,1.0,2014.0,"Jan,Apr,Jul,Oct",Moderate,1
214,d,a,8650.0,7.0,2013.0,1,10.0,2014.0,"Jan,Apr,Jul,Oct",Far,1
215,d,a,150.0,0.0,0.0,1,45.0,2009.0,"Feb,May,Aug,Nov",Very Close,1
216,c,a,190.0,0.0,0.0,1,45.0,2009.0,"Feb,May,Aug,Nov",Very Close,1
217,c,a,3150.0,0.0,0.0,0,0.0,0.0,None,Moderate,1
218,a,c,640.0,0.0,0.0,1,9.0,2011.0,"Mar,Jun,Sept,Dec",Close,1
219,a,a,1640.0,2.0,2013.0,0,0.0,0.0,None,Close,1
220,a,a,1000.0,9.0,2008.0,0,0.0,0.0,None,Close,1
221,d,c,13530.0,9.0,2013.0,0,0.0,0.0,None,Far,1
222,a,a,2170.0,11.0,2008.0,0,0.0,0.0,None,Moderate,1
223,d,c,2920.0,10.0,1995.0,1,27.0,2011.0,"Jan,Apr,Jul,Oct",Moderate,1
224,d,c,7930.0,0.0,0.0,1,1.0,2013.0,"Jan,Apr,Jul,Oct",Far,1
225,d,a,10180.0,5.0,2015.0,0,0.0,0.0,None,Far,1
226,a,a,450.0,0.0,0.0,0,0.0,0.0,None,Very Close,1
227,a,a,2370.0,0.0,0.0,0,0.0,0.0,None,Moderate,1
228,d,c,10800.0,0.0,0.0,1,18.0,2011.0,"Feb,May,Aug,Nov",Far,1
229,d,c,17410.0,4.0,2007.0,1,14.0,2011.0,"Jan,Apr,Jul,Oct",Far,1
230,d,c,6680.0,9.0,2013.0,0,0.0,0.0,None,Far,1
231,d,c,3840.0,10.0,2008.0,1,39.0,2010.0,"Feb,May,Aug,Nov",Moderate,1
232,c,c,13570.0,5.0,2010.0,1,10.0,2013.0,"Mar,Jun,Sept,Dec",Far,1
233,a,a,1890.0,0.0,0.0,0,0.0,0.0,None,Close,1
234,d,a,4370.0,0.0,0.0,0,0.0,0.0,None,Moderate,1
235,a,a,5710.0,3.0,2012.0,1,37.0,2009.0,"Jan,Apr,Jul,Oct",Far,1
236,a,a,1000.0,11.0,2007.0,0,0.0,0.0,None,Close,1
237,a,a,1420.0,11.0,2007.0,0,0.0,0.0,None,Close,1
238,a,a,320.0,0.0,0.0,1,45.0,2009.0,"Feb,May,Aug,Nov",Very Close,1
239,d,c,610.0,0.0,0.0,0,0.0,0.0,None,Close,1
240,a,a,1110.0,5.0,2009.0,0,0.0,0.0,None,Close,1
241,d,c,780.0,0.0,0.0,0,0.0,0.0,None,Close,1
242,d,a,6880.0,9.0,2001.0,1,14.0,2011.0,"Jan,Apr,Jul,Oct",Far,1
243,a,a,310.0,0.0,0.0,1,5.0,2013.0,"Feb,May,Aug,Nov",Very Close,1
244,d,a,710.0,3.0,2012.0,1,1.0,2012.0,"Jan,Apr,Jul,Oct",Close,1
245,a,c,1310.0,0.0,0.0,0,0.0,0.0,None,Close,1
246,c,a,4660.0,4.0,2013.0,0,0.0,0.0,None,Moderate,1
247,d,c,70.0,11.0,2010.0,1,5.0,2013.0,"Feb,May,Aug,Nov",Very Close,1
248,a,c,340.0,9.0,2012.0,1,40.0,2012.0,"Jan,Apr,Jul,Oct",Very Close,1
249,d,c,18010.0,9.0,2014.0,0,0.0,0.0,None,Far,1
250,d,a,3520.0,0.0,0.0,1,18.0,2012.0,"Feb,May,Aug,Nov",Moderate,1
251,a,c,340.0,0.0,0.0,0,0.0,0.0,None,Very Close,1
252,d,c,22330.0,0.0,0.0,1,5.0,2010.0,"Feb,May,Aug,Nov",Far,1
253,a,c,250.0,0.0,0.0,1,5.0,2013.0,"Feb,May,Aug,Nov",Very Close,1
254,d,a,330.0,3.0,2008.0,1,1.0,2012.0,"Mar,Jun,Sept,Dec",Very Close,1
255,c,c,4630.0,3.0,2011.0,1,35.0,2011.0,"Feb,May,Aug,Nov",Moderate,1
256,a,c,80.0,9.0,2005.0,1,10.0,2014.0,"Mar,Jun,Sept,Dec",Very Close,1
257,a,a,420.0,12.0,2012.0,0,0.0,0.0,None,Very Close,1
258,a,a,27190.0,7.0,2010.0,1,37.0,2009.0,"Jan,Apr,Jul,Oct",Far,1
259,b,b,210.0,0.0,0.0,0,0.0,0.0,None,Very Close,1
260,a,a,540.0,10.0,2011.0,0,0.0,0.0,None,Close,1
261,d,c,15340.0,4.0,2015.0,1,39.0,2009.0,"Jan,Apr,Jul,Oct",Far,1
262,b,a,1180.0,5.0,2013.0,0,0.0,0.0,None,Close,1
263,a,c,1140.0,5.0,2013.0,1,40.0,2014.0,"Jan,Apr,Jul,Oct",Close,1
264,a,a,180.0,3.0,2014.0,0,0.0,0.0,None,Very Close,1
265,a,a,4580.0,0.0,0.0,1,14.0,2015.0,"Jan,Apr,Jul,Oct",Moderate,1
266,a,c,360.0,3.0,2014.0,1,9.0,2011.0,"Mar,Jun,Sept,Dec",Very Close,1
267,c,a,2460.0,1.0,2012.0,0,0.0,0.0,None,Moderate,1
268,a,a,4520.0,2.0,2014.0,0,0.0,0.0,None,Moderate,1
269,a,c,60.0,6.0,2015.0,0,0.0,0.0,None,Very Close,1
270,a,a,1450.0,7.0,2014.0,0,0.0,0.0,None,Close,1
271,a,a,420.0,0.0,0.0,1,14.0,2011.0,"Jan,Apr,Jul,Oct",Very Close,1
272,a,a,16180.0,7.0,2003.0,1,14.0,2011.0,"Jan,Apr,Jul,Oct",Far,1
273,a,c,8480.0,0.0,0.0,0,0.0,0.0,None,Far,1
274,b,b,3640.0,0.0,0.0,1,10.0,2013.0,"Jan,Apr,Jul,Oct",Moderate,1
275,d,a,300.0,5.0,2014.0,1,40.0,2014.0,"Jan,Apr,Jul,Oct",Very Close,1
276,a,a,2960.0,10.0,2014.0,1,36.0,2013.0,"Mar,Jun,Sept,Dec",Moderate,1
277,d,c,7840.0,0.0,0.0,1,31.0,2009.0,"Feb,May,Aug,Nov",Far,1
278,a,c,9260.0,2.0,2010.0,0,0.0,0.0,None,Far,1
279,d,c,2320.0,0.0,0.0,1,40.0,2012.0,"Jan,Apr,Jul,Oct",Moderate,1
280,d,c,18640.0,9.0,2013.0,1,10.0,2014.0,"Mar,Jun,Sept,Dec",Far,1
281,d,c,6970.0,9.0,2011.0,0,0.0,0.0,None,Far,1
282,a,a,1220.0,12.0,2010.0,0,0.0,0.0,None,Close,1
283,a,a,2260.0,0.0,0.0,1,40.0,2014.0,"Jan,Apr,Jul,Oct",Moderate,1
284,d,a,1290.0,0.0,0.0,1,40.0,2014.0,"Jan,Apr,Jul,Oct",Close,1
285,a,a,2410.0,0.0,0.0,0,0.0,0.0,None,Moderate,1
286,a,a,1460.0,4.0,2015.0,0,0.0,0.0,None,Close,1
287,c,a,2740.0,5.0,2009.0,1,40.0,2014.0,"Jan,Apr,Jul,Oct",Moderate,1
288,d,a,800.0,0.0,0.0,1,14.0,2011.0,"Mar,Jun,Sept,Dec",Close,1
289,d,a,6540.0,12.0,2007.0,0,0.0,0.0,None,Far,1
290,a,a,4150.0,5.0,2001.0,0,0.0,0.0,None,Moderate,1
291,d,a,2325.0,0.0,0.0,0,0.0,0.0,None,Moderate,1
292,a,a,1100.0,6.0,2009.0,0,0.0,0.0,None,Close,1
293,c,c,140.0,11.0,2007.0,0,0.0,0.0,None,Very Close,1
294,a,a,3150.0,5.0,2005.0,0,0.0,0.0,None,Moderate,1
295,a,a,210.0,11.0,2000.0,1,36.0,2013.0,"Mar,Jun,Sept,Dec",Very Close,1
296,a,a,9580.0,5.0,2007.0,1,45.0,2014.0,"Feb,May,Aug,Nov",Far,1
297,a,a,2300.0,9.0,2010.0,0,0.0,0.0,None,Moderate,1
298,d,a,19840.0,7.0,2009.0,0,0.0,0.0,None,Far,1
299,d,c,38630.0,9.0,2012.0,0,0.0,0.0,None,Far,1
300,a,c,120.0,4.0,2009.0,1,1.0,2012.0,"Jan,Apr,Jul,Oct",Very Close,1
301,a,c,4510.0,3.0,2015.0,0,0.0,0.0,None,Moderate,1
302,d,c,2190.0,12.0,2007.0,1,9.0,2011.0,"Mar,Jun,Sept,Dec",Moderate,1
303,a,a,15430.0,11.0,2012.0,1,18.0,2011.0,"Feb,May,Aug,Nov",Far,1
304,a,a,1950.0,7.0,2015.0,0,0.0,0.0,None,Close,1
305,c,c,2470.0,2.0,2005.0,1,31.0,2013.0,"Mar,Jun,Sept,Dec",Moderate,1
306,a,a,5100.0,4.0,2007.0,1,40.0,2014.0,"Jan,Apr,Jul,Oct",Far,1
307,a,a,18660.0,9.0,2002.0,0,0.0,0.0,None,Far,1
308,a,a,1070.0,12.0,2006.0,1,13.0,2010.0,"Jan,Apr,Jul,Oct",Close,1
309,d,a,8740.0,0.0,0.0,1,37.0,2009.0,"Feb,May,Aug,Nov",Far,1
310,a,c,2290.0,0.0,0.0,1,10.0,2014.0,"Mar,Jun,Sept,Dec",Moderate,1
311,a,c,680.0,7.0,2005.0,0,0.0,0.0,None,Close,1
312,d,a,11300.0,3.0,2012.0,0,0.0,0.0,None,Far,1
313,d,c,14160.0,0.0,0.0,0,0.0,0.0,None,Far,1
314,a,a,3560.0,10.0,2001.0,1,31.0,2013.0,"Feb,May,Aug,Nov",Moderate,1
315,a,c,38710.0,4.0,2013.0,0,0.0,0.0,None,Far,1
316,d,a,9000.0,8.0,2001.0,0,0.0,0.0,None,Far,1
317,d,a,3140.0,7.0,2013.0,1,14.0,2011.0,"Jan,Apr,Jul,Oct",Moderate,1
318,d,c,32330.0,3.0,2014.0,0,0.0,0.0,None,Far,1
319,a,c,570.0,9.0,2012.0,1,27.0,2012.0,"Mar,Jun,Sept,Dec",Close,1
320,a,c,210.0,9.0,2012.0,0,0.0,0.0,None,Very Close,1
321,c,c,8140.0,11.0,2013.0,1,10.0,2014.0,"Mar,Jun,Sept,Dec",Far,1
322,a,a,17500.0,4.0,2001.0,1,37.0,2009.0,"Jan,Apr,Jul,Oct",Far,1
323,d,c,8400.0,4.0,2012.0,1,5.0,2013.0,"Feb,May,Aug,Nov",Far,1
324,a,a,13140.0,0.0,0.0,1,14.0,2011.0,"Jan,Apr,Jul,Oct",Far,1
325,a,c,350.0,3.0,2011.0,1,22.0,2011.0,"Feb,May,Aug,Nov",Very Close,1
326,d,a,10070.0,5.0,2015.0,1,31.0,2013.0,"Feb,May,Aug,Nov",Far,1
327,c,c,1390.0,12.0,2004.0,0,0.0,0.0,None,Close,1
328,a,a,3130.0,7.0,2002.0,0,0.0,0.0,None,Moderate,1
329,a,a,1310.0,6.0,1990.0,1,22.0,2012.0,"Mar,Jun,Sept,Dec",Close,1
330,a,c,370.0,0.0,0.0,1,22.0,2012.0,"Mar,Jun,Sept,Dec",Very Close,1
331,a,c,670.0,0.0,0.0,1,14.0,2015.0,"Jan,Apr,Jul,Oct",Close,1
332,a,a,1840.0,3.0,2006.0,0,0.0,0.0,None,Close,1
333,a,c,3720.0,2.0,2010.0,0,0.0,0.0,None,Moderate,1
334,d,c,4040.0,8.0,2008.0,1,18.0,2013.0,"Mar,Jun,Sept,Dec",Moderate,1
335,b,a,90.0,0.0,0.0,1,31.0,2013.0,"Jan,Apr,Jul,Oct",Very Close,1
336,a,a,190.0,7.0,2014.0,0,0.0,0.0,None,Very Close,1
337,d,c,10600.0,7.0,2005.0,1,45.0,2014.0,"Feb,May,Aug,Nov",Far,1
338,a,c,1590.0,0.0,0.0,1,37.0,2009.0,"Jan,Apr,Jul,Oct",Close,1
339,a,c,2280.0,0.0,0.0,1,10.0,2013.0,"Mar,Jun,Sept,Dec",Moderate,1
340,a,c,8080.0,0.0,0.0,0,0.0,0.0,None,Far,1
341,a,a,190.0,9.0,2011.0,0,0.0,0.0,None,Very Close,1
342,d,c,15770.0,0.0,0.0,1,40.0,2014.0,"Jan,Apr,Jul,Oct",Far,1
343,d,a,18650.0,4.0,2004.0,1,14.0,2014.0,"Jan,Apr,Jul,Oct",Far,1
344,a,c,300.0,4.0,2011.0,1,14.0,2011.0,"Jan,Apr,Jul,Oct",Very Close,1
345,a,a,120.0,0.0,0.0,1,22.0,2012.0,"Jan,Apr,Jul,Oct",Very Close,1
346,a,c,8090.0,0.0,0.0,0,0.0,0.0,None,Far,1
347,d,c,9360.0,7.0,2013.0,1,22.0,2012.0,"Mar,Jun,Sept,Dec",Far,1
348,a,a,16490.0,0.0,0.0,1,22.0,2012.0,"Jan,Apr,Jul,Oct",Far,1
349,c,c,1490.0,4.0,2009.0,0,0.0,0.0,None,Close,1
350,d,a,8880.0,0.0,0.0,1,14.0,2011.0,"Jan,Apr,Jul,Oct",Far,1
351,a,a,5290.0,11.0,2012.0,1,5.0,2013.0,"Feb,May,Aug,Nov",Far,1
352,d,c,6360.0,0.0,0.0,1,40.0,2012.0,"Mar,Jun,Sept,Dec",Far,1
353,b,b,900.0,0.0,0.0,1,14.0,2013.0,"Feb,May,Aug,Nov",Close,1
354,d,c,1500.0,10.0,2005.0,0,0.0,0.0,None,Close,1
355,a,c,9720.0,8.0,2013.0,0,0.0,0.0,None,Far,1
356,d,c,8970.0,12.0,2007.0,1,22.0,2012.0,"Feb,May,Aug,Nov",Far,1
357,a,a,2060.0,10.0,2008.0,0,0.0,0.0,None,Moderate,1
358,a,a,2890.0,10.0,2003.0,0,0.0,0.0,None,Moderate,1
359,d,c,4370.0,0.0,0.0,0,0.0,0.0,None,Moderate,1
360,a,a,2040.0,6.0,2007.0,0,0.0,0.0,None,Moderate,1
361,c,c,4490.0,5.0,2014.0,1,5.0,2013.0,"Feb,May,Aug,Nov",Moderate,1
362,c,c,340.0,0.0,0.0,0,0.0,0.0,None,Very Close,1
363,a,a,250.0,9.0,2009.0,0,0.0,0.0,None,Very Close,1
364,a,c,13620.0,0.0,0.0,1,10.0,2014.0,"Mar,Jun,Sept,Dec",Far,1
365,c,a,2410.0,0.0,0.0,1,45.0,2009.0,"Feb,May,Aug,Nov",Moderate,1
366,d,c,6470.0,12.0,2004.0,0,0.0,0.0,None,Far,1
367,d,c,2640.0,9.0,2012.0,0,0.0,0.0,None,Moderate,1
368,d,c,1450.0,4.0,2005.0,1,45.0,2009.0,"Feb,May,Aug,Nov",Close,1
369,d,c,5870.0,4.0,2014.0,0,0.0,0.0,None,Far,1
370,d,a,8250.0,10.0,2000.0,1,31.0,2009.0,"Jan,Apr,Jul,Oct",Far,1
371,d,c,1970.0,7.0,2009.0,1,45.0,2014.0,"Feb,May,Aug,Nov",Close,1
372,d,c,4880.0,8.0,2010.0,1,18.0,2014.0,"Jan,Apr,Jul,Oct",Moderate,1
373,d,c,11120.0,0.0,0.0,1,22.0,2012.0,"Jan,Apr,Jul,Oct",Far,1
374,a,a,1150.0,9.0,2007.0,0,0.0,0.0,None,Close,1
375,a,c,15710.0,2.0,2013.0,1,37.0,2009.0,"Jan,Apr,Jul,Oct",Far,1
376,a,a,160.0,8.0,2012.0,0,0.0,0.0,None,Very Close,1
377,a,c,100.0,6.0,2010.0,1,18.0,2010.0,"Feb,May,Aug,Nov",Very Close,1
378,a,c,2140.0,8.0,2012.0,0,0.0,0.0,None,Moderate,1
379,d,a,6630.0,0.0,0.0,0,0.0,0.0,None,Far,1
380,a,a,2240.0,5.0,2013.0,1,10.0,2014.0,"Mar,Jun,Sept,Dec",Moderate,1
381,a,a,1800.0,11.0,2006.0,1,5.0,2013.0,"Feb,May,Aug,Nov",Close,1
382,c,c,26130.0,11.0,2002.0,0,0.0,0.0,None,Far,1
383,a,c,350.0,0.0,0.0,0,0.0,0.0,None,Very Close,1
384,a,c,130.0,0.0,0.0,1,14.0,2011.0,"Jan,Apr,Jul,Oct",Very Close,1
385,d,a,4580.0,9.0,2007.0,0,0.0,0.0,None,Moderate,1
386,d,c,1460.0,4.0,2014.0,1,31.0,2013.0,"Jan,Apr,Jul,Oct",Close,1
387,c,a,210.0,0.0,0.0,1,36.0,2013.0,"Mar,Jun,Sept,Dec",Very Close,1
388,a,a,2260.0,0.0,0.0,0,0.0,0.0,None,Moderate,1
389,a,c,6690.0,8.0,2011.0,0,0.0,0.0,None,Far,1
390,a,c,1600.0,4.0,2009.0,0,0.0,0.0,None,Close,1
391,a,a,460.0,11.0,2014.0,1,31.0,2013.0,"Feb,May,Aug,Nov",Very Close,1
392,a,a,2120.0,0.0,0.0,0,0.0,0.0,None,Moderate,1
393,d,c,4820.0,3.0,2008.0,0,0.0,0.0,None,Moderate,1
394,d,a,10850.0,0.0,0.0,0,0.0,0.0,None,Far,1
395,a,a,3620.0,2.0,2013.0,0,0.0,0.0,None,Moderate,1
396,a,c,23130.0,0.0,0.0,0,0.0,0.0,None,Far,1
397,a,c,130.0,0.0,0.0,1,27.0,2013.0,"Feb,May,Aug,Nov",Very Close,1
398,c,c,1540.0,0.0,0.0,1,1.0,2012.0,"Jan,Apr,Jul,Oct",Close,1
399,a,a,5360.0,9.0,2012.0,1,40.0,2011.0,"Jan,Apr,Jul,Oct",Far,1
400,a,a,70.0,11.0,2004.0,1,14.0,2011.0,"Jan,Apr,Jul,Oct",Very Close,1
401,a,c,9200.0,10.0,2009.0,1,14.0,2012.0,"Jan,Apr,Jul,Oct",Far,1
402,c,c,5830.0,9.0,2011.0,1,13.0,2010.0,"Jan,Apr,Jul,Oct",Far,1
403,a,a,4970.0,7.0,2015.0,0,0.0,0.0,None,Moderate,1
404,a,c,1420.0,0.0,0.0,1,10.0,2013.0,"Mar,Jun,Sept,Dec",Close,1
405,a,a,1080.0,4.0,2008.0,1,14.0,2011.0,"Jan,Apr,Jul,Oct",Close,1
406,d,c,8240.0,3.0,2001.0,1,10.0,2013.0,"Feb,May,Aug,Nov",Far,1
407,a,a,5890.0,10.0,2003.0,1,14.0,2011.0,"Feb,May,Aug,Nov",Far,1
408,c,a,1560.0,0.0,0.0,1,45.0,2009.0,"Feb,May,Aug,Nov",Close,1
409,d,c,840.0,0.0,0.0,1,1.0,2013.0,"Jan,Apr,Jul,Oct",Close,1
410,c,a,40.0,11.0,2011.0,1,22.0,2012.0,"Mar,Jun,Sept,Dec",Very Close,1
411,d,c,8460.0,0.0,0.0,0,0.0,0.0,None,Far,1
412,d,c,4460.0,0.0,0.0,1,39.0,2010.0,"Jan,Apr,Jul,Oct",Moderate,1
413,a,c,760.0,9.0,2014.0,0,0.0,0.0,None,Close,1
414,d,c,6210.0,0.0,0.0,1,1.0,2013.0,"Jan,Apr,Jul,Oct",Far,1
415,d,c,6910.0,4.0,2005.0,0,0.0,0.0,None,Far,1
416,a,c,4650.0,6.0,2014.0,0,0.0,0.0,None,Moderate,1
417,a,c,840.0,0.0,0.0,1,10.0,2014.0,"Jan,Apr,Jul,Oct",Close,1
418,a,a,1060.0,5.0,2009.0,1,27.0,2011.0,"Feb,May,Aug,Nov",Close,1
419,c,a,1620.0,9.0,2009.0,0,0.0,0.0,None,Close,1
420,d,c,250.0,0.0,0.0,1,27.0,2012.0,"Jan,Apr,Jul,Oct",Very Close,1
421,c,c,3530.0,6.0,2012.0,1,35.0,2012.0,"Mar,Jun,Sept,Dec",Moderate,1
422,a,c,2880.0,0.0,0.0,0,0.0,0.0,None,Moderate,1
423,b,a,1270.0,5.0,2014.0,0,0.0,0.0,None,Close,1
424,d,c,1250.0,0.0,0.0,1,40.0,2011.0,"Jan,Apr,Jul,Oct",Close,1
425,d,c,1460.0,0.0,0.0,0,0.0,0.0,None,Close,1
426,a,a,250.0,0.0,0.0,0,0.0,0.0,None,Very Close,1
427,a,c,70.0,7.0,2005.0,1,13.0,2010.0,"Jan,Apr,Jul,Oct",Very Close,1
428,d,a,2960.0,12.0,2014.0,1,23.0,2015.0,"Mar,Jun,Sept,Dec",Moderate,1
429,d,c,16350.0,7.0,2005.0,1,31.0,2013.0,"Jan,Apr,Jul,Oct",Far,1
430,d,c,12870.0,10.0,2008.0,0,0.0,0.0,None,Far,1
431,d,c,4520.0,0.0,0.0,0,0.0,0.0,None,Moderate,1
432,a,a,810.0,5.0,2013.0,0,0.0,0.0,None,Close,1
433,a,c,30030.0,11.0,2010.0,0,0.0,0.0,None,Far,1
434,a,a,13020.0,8.0,2003.0,1,40.0,2014.0,"Jan,Apr,Jul,Oct",Far,1
435,a,a,910.0,0.0,0.0,0,0.0,0.0,None,Close,1
436,d,a,2300.0,0.0,0.0,0,0.0,0.0,None,Moderate,1
437,c,c,430.0,0.0,0.0,1,50.0,2010.0,"Jan,Apr,Jul,Oct",Very Close,1
438,d,c,1110.0,0.0,0.0,1,40.0,2012.0,"Jan,Apr,Jul,Oct",Close,1
439,a,a,1350.0,9.0,2009.0,0,0.0,0.0,None,Close,1
440,d,a,3900.0,4.0,2005.0,1,45.0,2009.0,"Feb,May,Aug,Nov",Moderate,1
441,d,a,2530.0,0.0,0.0,0,0.0,0.0,None,Moderate,1
442,c,a,500.0,0.0,0.0,1,45.0,2009.0,"Feb,May,Aug,Nov",Close,1
443,d,a,11400.0,12.0,2005.0,0,0.0,0.0,None,Far,1
444,c,a,1700.0,11.0,2009.0,0,0.0,0.0,None,Close,1
445,a,a,240.0,0.0,0.0,0,0.0,0.0,None,Very Close,1
446,a,a,340.0,10.0,2000.0,1,31.0,2013.0,"Feb,May,Aug,Nov",Very Close,1
447,a,c,1510.0,9.0,2013.0,0,0.0,0.0,None,Close,1
448,a,c,3970.0,9.0,2009.0,0,0.0,0.0,None,Moderate,1
449,a,c,120.0,12.0,2014.0,1,37.0,2009.0,"Jan,Apr,Jul,Oct",Very Close,1
450,c,a,5780.0,11.0,1994.0,1,10.0,2014.0,"Mar,Jun,Sept,Dec",Far,1
451,a,a,2460.0,4.0,2009.0,1,13.0,2010.0,"Jan,Apr,Jul,Oct",Moderate,1
452,a,c,1850.0,8.0,2013.0,1,5.0,2011.0,"Feb,May,Aug,Nov",Close,1
453,a,c,75860.0,0.0,0.0,0,0.0,0.0,None,Far,1
454,a,a,26450.0,0.0,0.0,0,0.0,0.0,None,Far,1
455,d,c,7660.0,9.0,2010.0,0,0.0,0.0,None,Far,1
456,a,c,140.0,0.0,0.0,0,0.0,0.0,None,Very Close,1
457,d,c,13140.0,0.0,0.0,1,31.0,2013.0,"Jan,Apr,Jul,Oct",Far,1
458,c,a,3390.0,0.0,0.0,0,0.0,0.0,None,Moderate,1
459,a,a,250.0,9.0,2008.0,1,5.0,2013.0,"Feb,May,Aug,Nov",Very Close,1
460,a,a,34050.0,4.0,2008.0,0,0.0,0.0,None,Far,1
461,d,c,1790.0,7.0,2013.0,1,40.0,2013.0,"Jan,Apr,Jul,Oct",Close,1
462,a,a,44320.0,8.0,2008.0,0,0.0,0.0,None,Far,1
463,a,a,4160.0,0.0,0.0,0,0.0,0.0,None,Moderate,1
464,c,a,520.0,3.0,2009.0,0,0.0,0.0,None,Close,1
465,d,c,10890.0,4.0,2005.0,0,0.0,0.0,None,Far,1
466,a,c,3110.0,3.0,2003.0,0,0.0,0.0,None,Moderate,1
467,a,c,20390.0,4.0,2008.0,0,0.0,0.0,None,Far,1
468,c,c,5260.0,9.0,2012.0,0,0.0,0.0,None,Far,1
469,c,c,710.0,9.0,2005.0,0,0.0,0.0,None,Close,1
470,a,c,50.0,0.0,0.0,0,0.0,0.0,None,Very Close,1
471,d,a,5300.0,0.0,0.0,1,45.0,2009.0,"Feb,May,Aug,Nov",Far,1
472,c,c,5030.0,8.0,2011.0,0,0.0,0.0,None,Far,1
473,a,a,50.0,0.0,0.0,0,0.0,0.0,None,Very Close,1
474,c,a,14810.0,0.0,0.0,1,14.0,2011.0,"Mar,Jun,Sept,Dec",Far,1
475,a,a,140.0,9.0,2005.0,0,0.0,0.0,None,Very Close,1
476,d,a,8300.0,9.0,2006.0,0,0.0,0.0,None,Far,1
477,d,a,770.0,7.0,2010.0,1,35.0,2010.0,"Jan,Apr,Jul,Oct",Close,1
478,d,c,1940.0,3.0,2012.0,0,0.0,0.0,None,Close,1
479,a,a,320.0,12.0,2005.0,1,9.0,2011.0,"Feb,May,Aug,Nov",Very Close,1
480,a,a,300.0,11.0,2012.0,0,0.0,0.0,None,Very Close,1
481,c,c,7470.0,0.0,0.0,1,44.0,2012.0,"Feb,May,Aug,Nov",Far,1
482,c,a,2550.0,10.0,2005.0,0,0.0,0.0,None,Moderate,1
483,a,c,2310.0,9.0,2011.0,1,13.0,2010.0,"Jan,Apr,Jul,Oct",Moderate,1
484,a,c,14300.0,3.0,2011.0,0,0.0,0.0,None,Far,1
485,d,c,3270.0,0.0,0.0,1,22.0,2012.0,"Jan,Apr,Jul,Oct",Moderate,1
486,a,a,2320.0,0.0,0.0,1,31.0,2013.0,"Jan,Apr,Jul,Oct",Moderate,1
487,d,c,2180.0,9.0,2012.0,1,40.0,2012.0,"Jan,Apr,Jul,Oct",Moderate,1
488,a,c,2890.0,4.0,2014.0,0,0.0,0.0,None,Moderate,1
489,a,a,14960.0,11.0,2013.0,1,37.0,2009.0,"Jan,Apr,Jul,Oct",Far,1
490,a,a,660.0,4.0,2013.0,1,40.0,2014.0,"Jan,Apr,Jul,Oct",Close,1
491,d,c,4680.0,0.0,0.0,1,22.0,2012.0,"Mar,Jun,Sept,Dec",Moderate,1
492,a,a,1740.0,3.0,2008.0,1,40.0,2012.0,"Jan,Apr,Jul,Oct",Close,1
493,d,c,1150.0,0.0,0.0,1,14.0,2011.0,"Jan,Apr,Jul,Oct",Close,1
494,b,a,1260.0,6.0,2011.0,0,0.0,0.0,None,Close,1
495,d,a,5470.0,0.0,0.0,1,37.0,2009.0,"Jan,Apr,Jul,Oct",Far,1
496,d,c,2780.0,6.0,2015.0,0,0.0,0.0,None,Moderate,1
497,a,c,1610.0,0.0,0.0,0,0.0,0.0,None,Close,1
498,a,a,990.0,0.0,0.0,1,40.0,2014.0,"Jan,Apr,Jul,Oct",Close,1
499,c,c,450.0,0.0,0.0,1,5.0,2013.0,"Feb,May,Aug,Nov",Very Close,1
500,d,c,10690.0,9.0,2007.0,1,5.0,2013.0,"Jan,Apr,Jul,Oct",Far,1
501,a,c,1620.0,9.0,2006.0,0,0.0,0.0,None,Close,1
502,a,a,220.0,2.0,2002.0,1,37.0,2009.0,"Jan,Apr,Jul,Oct",Very Close,1
503,d,c,13080.0,9.0,2006.0,1,14.0,2011.0,"Jan,Apr,Jul,Oct",Far,1
504,c,c,820.0,0.0,0.0,0,0.0,0.0,None,Close,1
505,a,a,350.0,0.0,0.0,1,5.0,2013.0,"Feb,May,Aug,Nov",Very Close,1
506,a,a,1850.0,12.0,2014.0,1,18.0,2011.0,"Feb,May,Aug,Nov",Close,1
507,a,c,9070.0,4.0,2011.0,1,37.0,2009.0,"Jan,Apr,Jul,Oct",Far,1
508,a,c,1280.0,0.0,0.0,1,40.0,2011.0,"Jan,Apr,Jul,Oct",Close,1
509,a,a,4740.0,7.0,2008.0,1,37.0,2009.0,"Jan,Apr,Jul,Oct",Moderate,1
510,a,c,8260.0,0.0,0.0,0,0.0,0.0,None,Far,1
511,a,a,2060.0,9.0,2009.0,0,0.0,0.0,None,Moderate,1
512,b,b,590.0,0.0,0.0,1,5.0,2013.0,"Mar,Jun,Sept,Dec",Close,1
513,a,a,400.0,8.0,2013.0,0,0.0,0.0,None,Very Close,1
514,c,c,1200.0,7.0,2012.0,1,27.0,2012.0,"Jan,Apr,Jul,Oct",Close,1
515,d,c,11260.0,0.0,0.0,1,9.0,2011.0,"Feb,May,Aug,Nov",Far,1
516,a,c,20.0,0.0,0.0,1,35.0,2010.0,"Mar,Jun,Sept,Dec",Very Close,1
517,a,c,22490.0,0.0,0.0,0,0.0,0.0,None,Far,1
518,d,c,3330.0,3.0,2015.0,1,13.0,2010.0,"Jan,Apr,Jul,Oct",Moderate,1
519,c,c,2510.0,8.0,2009.0,1,1.0,2012.0,"Jan,Apr,Jul,Oct",Moderate,1
520,a,c,6900.0,0.0,0.0,1,40.0,2012.0,"Mar,Jun,Sept,Dec",Far,1
521,d,a,18610.0,11.0,2002.0,1,48.0,2011.0,"Mar,Jun,Sept,Dec",Far,1
522,d,c,7160.0,11.0,2012.0,1,9.0,2011.0,"Jan,Apr,Jul,Oct",Far,1
523,c,c,50.0,11.0,2013.0,0,0.0,0.0,None,Very Close,1
524,a,c,40860.0,9.0,2013.0,0,0.0,0.0,None,Far,1
525,d,c,1870.0,9.0,2013.0,0,0.0,0.0,None,Close,1
526,a,a,120.0,0.0,0.0,1,48.0,2011.0,"Mar,Jun,Sept,Dec",Very Close,1
527,d,c,5830.0,4.0,2008.0,0,0.0,0.0,None,Far,1
528,a,c,20620.0,0.0,0.0,1,37.0,2009.0,"Jan,Apr,Jul,Oct",Far,1
529,d,c,12920.0,9.0,2012.0,0,0.0,0.0,None,Far,1
530,a,c,18160.0,0.0,0.0,0,0.0,0.0,None,Far,1
531,a,c,4030.0,0.0,0.0,0,0.0,0.0,None,Moderate,1
532,a,c,1070.0,8.0,2010.0,0,0.0,0.0,None,Close,1
533,a,c,5950.0,0.0,0.0,0,0.0,0.0,None,Far,1
534,d,a,1200.0,9.0,2009.0,1,45.0,2009.0,"Jan,Apr,Jul,Oct",Close,1
535,a,a,3570.0,4.0,2007.0,0,0.0,0.0,None,Moderate,1
536,a,c,4700.0,9.0,2002.0,1,31.0,2013.0,"Feb,May,Aug,Nov",Moderate,1
537,a,a,600.0,5.0,2002.0,1,1.0,2012.0,"Jan,Apr,Jul,Oct",Close,1
538,a,a,990.0,2.0,2010.0,0,0.0,0.0,None,Close,1
539,a,a,770.0,5.0,2013.0,1,40.0,2014.0,"Jan,Apr,Jul,Oct",Close,1
540,d,c,810.0,0.0,0.0,1,48.0,2012.0,"Jan,Apr,Jul,Oct",Close,1
541,a,c,650.0,7.0,1990.0,0,0.0,0.0,None,Close,1
542,a,a,7280.0,9.0,2012.0,1,1.0,2013.0,"Jan,Apr,Jul,Oct",Far,1
543,c,a,1080.0,12.0,2012.0,0,0.0,0.0,None,Close,1
544,a,a,250.0,12.0,2001.0,1,13.0,2010.0,"Jan,Apr,Jul,Oct",Very Close,1
545,a,c,5020.0,5.0,2006.0,1,18.0,2014.0,"Feb,May,Aug,Nov",Far,1
546,a,a,580.0,1.0,2005.0,0,0.0,0.0,None,Close,1
547,d,c,8990.0,11.0,2009.0,1,35.0,2010.0,"Mar,Jun,Sept,Dec",Far,1
548,d,c,3760.0,2.0,2009.0,0,0.0,0.0,None,Moderate,1
549,a,c,2330.0,0.0,0.0,0,0.0,0.0,None,Moderate,1
550,d,c,50.0,6.0,2015.0,0,0.0,0.0,None,Very Close,1
551,a,c,2190.0,9.0,2013.0,0,0.0,0.0,None,Moderate,1
552,a,a,4260.0,7.0,2008.0,1,37.0,2009.0,"Jan,Apr,Jul,Oct",Moderate,1
553,c,a,3040.0,9.0,2002.0,1,13.0,2010.0,"Jan,Apr,Jul,Oct",Moderate,1
554,c,c,1200.0,0.0,0.0,0,0.0,0.0,None,Close,1
555,d,a,1560.0,1.0,2014.0,1,10.0,2013.0,"Mar,Jun,Sept,Dec",Close,1
556,d,c,1140.0,11.0,2014.0,0,0.0,0.0,None,Close,1
557,a,a,250.0,0.0,0.0,0,0.0,0.0,None,Very Close,1
558,a,a,3000.0,2.0,2010.0,0,0.0,0.0,None,Moderate,1
559,d,a,3910.0,11.0,2006.0,1,5.0,2013.0,"Feb,May,Aug,Nov",Moderate,1
560,c,c,1910.0,7.0,2013.0,0,0.0,0.0,None,Close,1
561,d,a,14300.0,0.0,0.0,0,0.0,0.0,None,Far,1
562,b,c,1210.0,0.0,0.0,0,0.0,0.0,None,Close,1
563,a,a,700.0,3.0,2015.0,1,10.0,2014.0,"Jan,Apr,Jul,Oct",Close,1
564,d,c,6540.0,0.0,0.0,1,14.0,2013.0,"Jan,Apr,Jul,Oct",Far,1
565,a,c,160.0,7.0,2007.0,0,0.0,0.0,None,Very Close,1
566,a,a,3620.0,0.0,0.0,1,40.0,2013.0,"Jan,Apr,Jul,Oct",Moderate,1
567,c,a,1010.0,9.0,2012.0,1,18.0,2011.0,"Feb,May,Aug,Nov",Close,1
568,d,c,4270.0,0.0,0.0,1,1.0,2013.0,"Jan,Apr,Jul,Oct",Moderate,1
569,a,a,1340.0,9.0,2006.0,0,0.0,0.0,None,Close,1
570,a,a,180.0,11.0,2006.0,0,0.0,0.0,None,Very Close,1
571,d,a,2110.0,11.0,1995.0,1,40.0,2014.0,"Jan,Apr,Jul,Oct",Moderate,1
572,d,c,9230.0,4.0,2004.0,1,37.0,2009.0,"Jan,Apr,Jul,Oct",Far,1
573,a,a,1190.0,11.0,2012.0,1,36.0,2013.0,"Jan,Apr,Jul,Oct",Close,1
574,d,a,4400.0,0.0,0.0,0,0.0,0.0,None,Moderate,1
575,a,a,960.0,5.0,2008.0,1,13.0,2010.0,"Jan,Apr,Jul,Oct",Close,1
576,c,a,50.0,11.0,2006.0,0,0.0,0.0,None,Very Close,1
577,a,c,2270.0,0.0,0.0,1,35.0,2012.0,"Mar,Jun,Sept,Dec",Moderate,1
578,d,a,12700.0,4.0,2013.0,0,0.0,0.0,None,Far,1
579,c,a,20970.0,11.0,2012.0,0,0.0,0.0,None,Far,1
580,a,c,170.0,2.0,2009.0,0,0.0,0.0,None,Very Close,1
581,a,a,7250.0,12.0,2013.0,0,0.0,0.0,None,Far,1
582,a,a,120.0,0.0,0.0,0,0.0,0.0,None,Very Close,1
583,a,a,2640.0,11.0,2002.0,0,0.0,0.0,None,Moderate,1
584,d,a,1360.0,0.0,0.0,1,35.0,2010.0,"Mar,Jun,Sept,Dec",Close,1
585,d,c,440.0,4.0,2014.0,0,0.0,0.0,None,Very Close,1
586,a,c,250.0,10.0,2008.0,0,0.0,0.0,None,Very Close,1
587,d,c,330.0,9.0,2006.0,1,14.0,2011.0,"Jan,Apr,Jul,Oct",Very Close,1
588,d,c,15720.0,3.0,2010.0,0,0.0,0.0,None,Far,1
589,a,c,360.0,0.0,0.0,1,18.0,2013.0,"Feb,May,Aug,Nov",Very Close,1
590,d,c,4520.0,9.0,2010.0,1,31.0,2013.0,"Jan,Apr,Jul,Oct",Moderate,1
591,a,c,3340.0,0.0,0.0,1,22.0,2012.0,"Mar,Jun,Sept,Dec",Moderate,1
592,a,a,2540.0,6.0,2005.0,0,0.0,0.0,None,Moderate,1
593,a,c,33060.0,3.0,2010.0,0,0.0,0.0,None,Far,1
594,a,a,1790.0,10.0,2011.0,0,0.0,0.0,None,Close,1
595,c,c,1130.0,6.0,2015.0,0,0.0,0.0,None,Close,1
596,c,a,290.0,9.0,2006.0,0,0.0,0.0,None,Very Close,1
597,a,a,150.0,9.0,2008.0,1,1.0,2012.0,"Mar,Jun,Sept,Dec",Very Close,1
598,c,a,550.0,12.0,2013.0,1,40.0,2014.0,"Jan,Apr,Jul,Oct",Close,1
599,d,c,580.0,11.0,2014.0,0,0.0,0.0,None,Close,1
600,d,c,17340.0,6.0,2010.0,1,9.0,2011.0,"Feb,May,Aug,Nov",Far,1
601,d,a,8220.0,4.0,2014.0,1,14.0,2011.0,"Jan,Apr,Jul,Oct",Far,1
602,a,a,2710.0,7.0,2001.0,1,22.0,2012.0,"Mar,Jun,Sept,Dec",Moderate,1
603,a,a,340.0,4.0,2007.0,1,13.0,2010.0,"Jan,Apr,Jul,Oct",Very Close,1
604,d,a,10950.0,3.0,2014.0,0,0.0,0.0,None,Far,1
605,d,a,10310.0,4.0,2003.0,1,37.0,2009.0,"Jan,Apr,Jul,Oct",Far,1
606,a,a,2260.0,11.0,2007.0,0,0.0,0.0,None,Moderate,1
607,a,a,350.0,8.0,1999.0,1,14.0,2011.0,"Jan,Apr,Jul,Oct",Very Close,1
608,a,c,18370.0,2.0,2013.0,1,14.0,2011.0,"Jan,Apr,Jul,Oct",Far,1
609,a,a,2070.0,9.0,2007.0,0,0.0,0.0,None,Moderate,1
610,a,a,660.0,1.0,2007.0,0,0.0,0.0,None,Close,1
611,a,a,8080.0,12.0,2002.0,1,40.0,2014.0,"Jan,Apr,Jul,Oct",Far,1
612,d,c,2490.0,11.0,2012.0,1,31.0,2009.0,"Jan,Apr,Jul,Oct",Moderate,1
613,c,a,250.0,6.0,2007.0,1,14.0,2011.0,"Jan,Apr,Jul,Oct",Very Close,1
614,a,a,1160.0,12.0,2012.0,0,0.0,0.0,None,Close,1
615,d,a,730.0,8.0,2007.0,0,0.0,0.0,None,Close,1
616,a,c,3040.0,8.0,2011.0,1,35.0,2010.0,"Mar,Jun,Sept,Dec",Moderate,1
617,a,c,8940.0,0.0,0.0,1,9.0,2011.0,"Jan,Apr,Jul,Oct",Far,1
618,d,c,9910.0,0.0,0.0,0,0.0,0.0,None,Far,1
619,a,a,1600.0,6.0,2006.0,1,45.0,2009.0,"Feb,May,Aug,Nov",Close,1
620,d,c,5440.0,0.0,0.0,1,40.0,2014.0,"Jan,Apr,Jul,Oct",Far,1
621,a,a,30.0,7.0,2002.0,0,0.0,0.0,None,Very Close,1
622,a,c,2325.0,0.0,0.0,0,0.0,0.0,None,Moderate,1
623,a,a,4080.0,3.0,2011.0,1,13.0,2010.0,"Jan,Apr,Jul,Oct",Moderate,1
624,a,c,6920.0,9.0,2011.0,0,0.0,0.0,None,Far,1
625,a,a,1170.0,4.0,2011.0,1,22.0,2012.0,"Feb,May,Aug,Nov",Close,1
626,c,c,10740.0,11.0,2013.0,0,0.0,0.0,None,Far,1
627,c,c,3970.0,3.0,2010.0,0,0.0,0.0,None,Moderate,1
628,a,c,2180.0,0.0,0.0,0,0.0,0.0,None,Moderate,1
629,d,a,510.0,7.0,2014.0,1,23.0,2015.0,"Mar,Jun,Sept,Dec",Close,1
630,a,a,1690.0,4.0,2015.0,0,0.0,0.0,None,Close,1
631,d,c,2870.0,0.0,0.0,1,35.0,2012.0,"Mar,Jun,Sept,Dec",Moderate,1
632,a,a,3350.0,2.0,2010.0,0,0.0,0.0,None,Moderate,1
633,d,a,11640.0,4.0,2005.0,1,22.0,2011.0,"Jan,Apr,Jul,Oct",Far,1
634,d,a,18610.0,0.0,0.0,0,0.0,0.0,None,Far,1
635,a,a,27530.0,4.0,2014.0,0,0.0,0.0,None,Far,1
636,c,a,720.0,10.0,2004.0,1,13.0,2010.0,"Jan,Apr,Jul,Oct",Close,1
637,d,c,9790.0,0.0,0.0,1,31.0,2009.0,"Feb,May,Aug,Nov",Far,1
638,d,a,10170.0,11.0,2001.0,0,0.0,0.0,None,Far,1
639,a,a,7780.0,11.0,2006.0,0,0.0,0.0,None,Far,1
640,d,c,8040.0,0.0,0.0,0,0.0,0.0,None,Far,1
641,a,c,610.0,12.0,2003.0,1,36.0,2013.0,"Mar,Jun,Sept,Dec",Close,1
642,c,c,530.0,4.0,2005.0,1,35.0,2010.0,"Mar,Jun,Sept,Dec",Close,1
643,a,a,230.0,6.0,2010.0,1,18.0,2010.0,"Feb,May,Aug,Nov",Very Close,1
644,c,a,4030.0,12.0,2004.0,1,14.0,2011.0,"Jan,Apr,Jul,Oct",Moderate,1
645,a,a,90.0,0.0,0.0,1,45.0,2009.0,"Feb,May,Aug,Nov",Very Close,1
646,a,a,620.0,9.0,2014.0,0,0.0,0.0,None,Close,1
647,a,c,7420.0,4.0,2013.0,0,0.0,0.0,None,Far,1
648,d,a,2130.0,12.0,2008.0,0,0.0,0.0,None,Moderate,1
649,a,a,14570.0,11.0,2002.0,0,0.0,0.0,None,Far,1
650,a,a,1420.0,10.0,2012.0,1,40.0,2014.0,"Jan,Apr,Jul,Oct",Close,1
651,a,a,200.0,0.0,0.0,0,0.0,0.0,None,Very Close,1
652,a,a,20390.0,0.0,0.0,0,0.0,0.0,None,Far,1
653,d,c,7520.0,7.0,2014.0,1,45.0,2009.0,"Feb,May,Aug,Nov",Far,1
654,c,a,6930.0,9.0,2006.0,0,0.0,0.0,None,Far,1
655,d,c,960.0,11.0,2012.0,1,5.0,2013.0,"Feb,May,Aug,Nov",Close,1
656,d,a,410.0,4.0,2009.0,1,13.0,2010.0,"Jan,Apr,Jul,Oct",Very Close,1
657,c,c,80.0,1.0,2006.0,1,10.0,2014.0,"Jan,Apr,Jul,Oct",Very Close,1
658,d,c,520.0,0.0,0.0,1,37.0,2009.0,"Jan,Apr,Jul,Oct",Close,1
659,d,a,1590.0,3.0,2012.0,0,0.0,0.0,None,Close,1
660,a,a,1200.0,11.0,2006.0,1,40.0,2014.0,"Jan,Apr,Jul,Oct",Close,1
661,d,c,2140.0,7.0,2013.0,0,0.0,0.0,None,Moderate,1
662,d,a,1070.0,0.0,0.0,0,0.0,0.0,None,Close,1
663,a,c,7860.0,5.0,2005.0,0,0.0,0.0,None,Far,1
664,d,c,1680.0,10.0,2005.0,0,0.0,0.0,None,Close,1
665,a,a,90.0,12.0,2012.0,1,14.0,2011.0,"Jan,Apr,Jul,Oct",Very Close,1
666,c,c,2700.0,0.0,0.0,1,9.0,2011.0,"Mar,Jun,Sept,Dec",Moderate,1
667,d,c,2870.0,9.0,2012.0,0,0.0,0.0,None,Moderate,1
668,c,a,1270.0,9.0,2010.0,0,0.0,0.0,None,Close,1
669,d,a,17080.0,7.0,2012.0,1,31.0,2013.0,"Jan,Apr,Jul,Oct",Far,1
670,a,a,2060.0,0.0,0.0,1,45.0,2009.0,"Feb,May,Aug,Nov",Moderate,1
671,a,c,2070.0,2.0,2008.0,1,39.0,2010.0,"Jan,Apr,Jul,Oct",Moderate,1
672,c,a,240.0,9.0,2002.0,0,0.0,0.0,None,Very Close,1
673,d,c,15170.0,0.0,0.0,1,5.0,2013.0,"Feb,May,Aug,Nov",Far,1
674,a,a,2640.0,12.0,2005.0,1,31.0,2013.0,"Feb,May,Aug,Nov",Moderate,1
675,a,a,2100.0,8.0,2013.0,1,14.0,2011.0,"Jan,Apr,Jul,Oct",Moderate,1
676,b,b,1410.0,9.0,2008.0,0,0.0,0.0,None,Close,1
677,d,a,1740.0,6.0,2014.0,1,45.0,2009.0,"Feb,May,Aug,Nov",Close,1
678,c,a,3250.0,0.0,0.0,1,40.0,2011.0,"Jan,Apr,Jul,Oct",Moderate,1
679,a,a,4140.0,9.0,2012.0,0,0.0,0.0,None,Moderate,1
680,c,a,170.0,0.0,0.0,1,35.0,2012.0,"Mar,Jun,Sept,Dec",Very Close,1
681,a,c,620.0,0.0,0.0,1,1.0,2014.0,"Mar,Jun,Sept,Dec",Close,1
682,b,a,150.0,9.0,2006.0,0,0.0,0.0,None,Very Close,1
683,a,a,2850.0,7.0,2014.0,0,0.0,0.0,None,Moderate,1
684,d,c,680.0,0.0,0.0,1,22.0,2012.0,"Jan,Apr,Jul,Oct",Close,1
685,a,a,650.0,11.0,2013.0,1,37.0,2009.0,"Jan,Apr,Jul,Oct",Close,1
686,a,a,20050.0,4.0,2002.0,0,0.0,0.0,None,Far,1
687,d,c,2770.0,0.0,0.0,0,0.0,0.0,None,Moderate,1
688,a,a,18760.0,8.0,2015.0,1,14.0,2011.0,"Jan,Apr,Jul,Oct",Far,1
689,d,a,15040.0,10.0,2004.0,0,0.0,0.0,None,Far,1
690,a,a,100.0,0.0,0.0,0,0.0,0.0,None,Very Close,1
691,d,c,3030.0,0.0,0.0,1,37.0,2009.0,"Jan,Apr,Jul,Oct",Moderate,1
692,a,a,40.0,8.0,2001.0,0,0.0,0.0,None,Very Close,1
693,d,a,450.0,0.0,0.0,1,40.0,2011.0,"Jan,Apr,Jul,Oct",Very Close,1
694,a,c,460.0,11.0,2012.0,1,40.0,2014.0,"Jan,Apr,Jul,Oct",Very Close,1
695,a,a,550.0,7.0,2011.0,1,1.0,2012.0,"Jan,Apr,Jul,Oct",Close,1
696,a,c,430.0,0.0,0.0,0,0.0,0.0,None,Very Close,1
697,d,a,3780.0,0.0,0.0,1,40.0,2011.0,"Jan,Apr,Jul,Oct",Moderate,1
698,a,a,1790.0,5.0,2011.0,0,0.0,0.0,None,Close,1
699,a,a,180.0,0.0,0.0,1,5.0,2013.0,"Jan,Apr,Jul,Oct",Very Close,1
700,a,c,830.0,0.0,0.0,1,27.0,2013.0,"Jan,Apr,Jul,Oct",Close,1
701,d,a,1450.0,3.0,2012.0,1,14.0,2011.0,"Jan,Apr,Jul,Oct",Close,1
702,a,a,8550.0,9.0,2001.0,1,45.0,2009.0,"Feb,May,Aug,Nov",Far,1
703,a,a,80.0,6.0,2005.0,0,0.0,0.0,None,Very Close,1
704,d,c,1910.0,4.0,2009.0,0,0.0,0.0,None,Close,1
705,a,a,4140.0,9.0,2012.0,1,18.0,2011.0,"Feb,May,Aug,Nov",Moderate,1
706,d,a,7830.0,9.0,2014.0,1,10.0,2014.0,"Mar,Jun,Sept,Dec",Far,1
707,a,c,2900.0,7.0,1990.0,0,0.0,0.0,None,Moderate,1
708,c,c,11470.0,10.0,2009.0,1,18.0,2014.0,"Jan,Apr,Jul,Oct",Far,1
709,a,a,500.0,12.0,2010.0,0,0.0,0.0,None,Close,1
710,d,a,1500.0,9.0,2008.0,1,14.0,2011.0,"Jan,Apr,Jul,Oct",Close,1
711,d,a,17110.0,3.0,2007.0,1,5.0,2010.0,"Jan,Apr,Jul,Oct",Far,1
712,a,a,4870.0,9.0,2007.0,1,45.0,2009.0,"Jan,Apr,Jul,Oct",Moderate,1
713,a,c,220.0,0.0,0.0,1,10.0,2014.0,"Jan,Apr,Jul,Oct",Very Close,1
714,d,c,12070.0,10.0,2005.0,1,10.0,2013.0,"Jan,Apr,Jul,Oct",Far,1
715,a,a,14810.0,6.0,2014.0,0,0.0,0.0,None,Far,1
716,d,a,3200.0,1.0,2008.0,1,22.0,2011.0,"Jan,Apr,Jul,Oct",Moderate,1
717,d,c,310.0,0.0,0.0,1,40.0,2011.0,"Jan,Apr,Jul,Oct",Very Close,1
718,a,a,1100.0,6.0,2015.0,0,0.0,0.0,None,Close,1
719,c,c,8190.0,0.0,0.0,1,45.0,2009.0,"Feb,May,Aug,Nov",Far,1
720,a,c,15320.0,3.0,2011.0,1,14.0,2013.0,"Feb,May,Aug,Nov",Far,1
721,a,c,3590.0,9.0,2012.0,1,22.0,2012.0,"Mar,Jun,Sept,Dec",Moderate,1
722,a,a,50.0,0.0,0.0,0,0.0,0.0,None,Very Close,1
723,d,c,5650.0,9.0,2008.0,1,5.0,2013.0,"Feb,May,Aug,Nov",Far,1
724,d,c,5900.0,0.0,0.0,0,0.0,0.0,None,Far,1
725,d,c,17540.0,6.0,2012.0,0,0.0,0.0,None,Far,1
726,a,c,40540.0,2.0,2002.0,0,0.0,0.0,None,Far,1
727,a,a,2050.0,3.0,2007.0,0,0.0,0.0,None,Moderate,1
728,d,a,13990.0,0.0,0.0,1,14.0,2011.0,"Jan,Apr,Jul,Oct",Far,1
729,c,c,8980.0,6.0,2011.0,0,0.0,0.0,None,Far,1
730,c,a,1190.0,9.0,2013.0,0,0.0,0.0,None,Close,1
731,a,a,15270.0,0.0,0.0,1,10.0,2014.0,"Jan,Apr,Jul,Oct",Far,1
732,a,c,35280.0,0.0,0.0,0,0.0,0.0,None,Far,1
733,b,b,860.0,10.0,1999.0,0,0.0,0.0,None,Close,1
734,a,a,220.0,0.0,0.0,1,36.0,2013.0,"Mar,Jun,Sept,Dec",Very Close,1
735,d,c,1920.0,4.0,2005.0,0,0.0,0.0,None,Close,1
736,c,c,1650.0,0.0,0.0,1,14.0,2011.0,"Jan,Apr,Jul,Oct",Close,1
737,a,a,100.0,5.0,2007.0,1,31.0,2013.0,"Jan,Apr,Jul,Oct",Very Close,1
738,d,c,5980.0,10.0,2005.0,0,0.0,0.0,None,Far,1
739,d,c,2770.0,6.0,2008.0,1,22.0,2011.0,"Jan,Apr,Jul,Oct",Moderate,1
740,d,a,6400.0,3.0,2014.0,0,0.0,0.0,None,Far,1
741,d,c,11900.0,0.0,0.0,0,0.0,0.0,None,Far,1
742,d,c,4380.0,0.0,0.0,0,0.0,0.0,None,Moderate,1
743,a,a,6710.0,11.0,2003.0,1,14.0,2012.0,"Jan,Apr,Jul,Oct",Far,1
744,a,a,1370.0,12.0,2011.0,1,40.0,2014.0,"Jan,Apr,Jul,Oct",Close,1
745,a,a,17650.0,11.0,2013.0,1,37.0,2009.0,"Jan,Apr,Jul,Oct",Far,1
746,d,c,4330.0,2.0,2011.0,1,35.0,2011.0,"Mar,Jun,Sept,Dec",Moderate,1
747,c,c,45740.0,8.0,2008.0,0,0.0,0.0,None,Far,1
748,d,a,2380.0,3.0,2010.0,1,14.0,2011.0,"Jan,Apr,Jul,Oct",Moderate,1
749,a,a,3410.0,8.0,2011.0,1,14.0,2015.0,"Jan,Apr,Jul,Oct",Moderate,1
750,d,a,8670.0,2.0,2002.0,1,14.0,2011.0,"Jan,Apr,Jul,Oct",Far,1
751,a,a,650.0,10.0,2006.0,0,0.0,0.0,None,Close,1
752,a,a,970.0,3.0,2013.0,1,31.0,2013.0,"Feb,May,Aug,Nov",Close,1
753,d,c,540.0,11.0,2012.0,1,35.0,2010.0,"Mar,Jun,Sept,Dec",Close,1
754,c,c,380.0,5.0,2008.0,1,10.0,2014.0,"Mar,Jun,Sept,Dec",Very Close,1
755,d,c,13130.0,12.0,2003.0,0,0.0,0.0,None,Far,1
756,a,c,50.0,0.0,0.0,1,40.0,2011.0,"Jan,Apr,Jul,Oct",Very Close,1
757,a,c,3450.0,0.0,0.0,0,0.0,0.0,None,Moderate,1
758,a,c,19780.0,6.0,2008.0,0,0.0,0.0,None,Far,1
759,a,a,110.0,11.0,2012.0,1,31.0,2013.0,"Feb,May,Aug,Nov",Very Close,1
760,a,a,560.0,1.0,2011.0,0,0.0,0.0,None,Close,1
761,a,a,2390.0,9.0,2012.0,0,0.0,0.0,None,Moderate,1
762,d,c,1280.0,0.0,0.0,1,10.0,2013.0,"Mar,Jun,Sept,Dec",Close,1
763,d,c,32240.0,3.0,2010.0,0,0.0,0.0,None,Far,1
764,a,c,26490.0,0.0,0.0,1,10.0,2014.0,"Mar,Jun,Sept,Dec",Far,1
765,a,c,25430.0,5.0,1999.0,1,37.0,2009.0,"Jan,Apr,Jul,Oct",Far,1
766,d,c,9820.0,0.0,0.0,0,0.0,0.0,None,Far,1
767,a,c,13080.0,0.0,0.0,0,0.0,0.0,None,Far,1
768,a,c,2630.0,9.0,2012.0,0,0.0,0.0,None,Moderate,1
769,b,b,840.0,0.0,0.0,1,48.0,2012.0,"Jan,Apr,Jul,Oct",Close,1
770,a,c,100.0,4.0,2015.0,0,0.0,0.0,None,Very Close,1
771,a,a,20640.0,9.0,2007.0,0,0.0,0.0,None,Far,1
772,d,c,1850.0,0.0,0.0,0,0.0,0.0,None,Close,1
773,a,a,200.0,0.0,0.0,0,0.0,0.0,None,Very Close,1
774,a,c,640.0,9.0,2013.0,0,0.0,0.0,None,Close,1
775,d,c,6970.0,12.0,2005.0,1,22.0,2011.0,"Jan,Apr,Jul,Oct",Far,1
776,c,a,700.0,4.0,2009.0,1,14.0,2011.0,"Jan,Apr,Jul,Oct",Close,1
777,d,c,8250.0,10.0,2004.0,1,10.0,2013.0,"Mar,Jun,Sept,Dec",Far,1
778,a,a,340.0,6.0,2003.0,1,40.0,2014.0,"Jan,Apr,Jul,Oct",Very Close,1
779,a,a,16990.0,4.0,2004.0,0,0.0,0.0,None,Far,1
780,a,a,18160.0,0.0,0.0,0,0.0,0.0,None,Far,1
781,a,a,630.0,4.0,2007.0,0,0.0,0.0,None,Close,1
782,c,c,5390.0,8.0,2003.0,1,1.0,2012.0,"Jan,Apr,Jul,Oct",Far,1
783,d,c,15490.0,0.0,0.0,0,0.0,0.0,None,Far,1
784,a,a,560.0,10.0,2014.0,1,10.0,2014.0,"Jan,Apr,Jul,Oct",Close,1
785,d,c,970.0,7.0,2005.0,1,31.0,2013.0,"Feb,May,Aug,Nov",Close,1
786,a,a,290.0,11.0,2006.0,1,5.0,2013.0,"Feb,May,Aug,Nov",Very Close,1
787,c,c,3210.0,6.0,2009.0,0,0.0,0.0,None,Moderate,1
788,a,c,1530.0,3.0,2013.0,0,0.0,0.0,None,Close,1
789,a,c,9770.0,7.0,2003.0,0,0.0,0.0,None,Far,1
790,d,c,9070.0,12.0,2003.0,0,0.0,0.0,None,Far,1
791,a,a,5950.0,4.0,2007.0,0,0.0,0.0,None,Far,1
792,d,a,17280.0,10.0,2009.0,1,18.0,2011.0,"Feb,May,Aug,Nov",Far,1
793,d,a,2710.0,7.0,2006.0,0,0.0,0.0,None,Moderate,1
794,c,c,5090.0,9.0,2006.0,0,0.0,0.0,None,Far,1
795,d,a,510.0,0.0,0.0,1,35.0,2010.0,"Mar,Jun,Sept,Dec",Close,1
796,a,c,7180.0,11.0,2012.0,0,0.0,0.0,None,Far,1
797,a,a,2090.0,10.0,2012.0,1,40.0,2014.0,"Jan,Apr,Jul,Oct",Moderate,1
798,a,a,9560.0,4.0,2001.0,0,0.0,0.0,None,Far,1
799,a,c,2700.0,0.0,0.0,0,0.0,0.0,None,Moderate,1
800,d,a,2020.0,7.0,2014.0,0,0.0,0.0,None,Moderate,1
801,d,a,48330.0,4.0,2013.0,0,0.0,0.0,None,Far,1
802,a,c,910.0,0.0,0.0,1,22.0,2011.0,"Feb,May,Aug,Nov",Close,1
803,d,a,1760.0,0.0,0.0,1,10.0,2014.0,"Mar,Jun,Sept,Dec",Close,1
804,c,c,2100.0,0.0,0.0,1,1.0,2013.0,"Jan,Apr,Jul,Oct",Moderate,1
805,d,a,24770.0,10.0,2011.0,1,10.0,2014.0,"Mar,Jun,Sept,Dec",Far,1
806,d,a,260.0,0.0,0.0,1,44.0,2010.0,"Feb,May,Aug,Nov",Very Close,1
807,a,a,3870.0,4.0,2008.0,0,0.0,0.0,None,Moderate,1
808,a,a,18620.0,0.0,0.0,1,31.0,2009.0,"Feb,May,Aug,Nov",Far,1
809,a,a,12770.0,10.0,2000.0,0,0.0,0.0,None,Far,1
810,d,c,9640.0,11.0,2013.0,0,0.0,0.0,None,Far,1
811,a,a,410.0,9.0,2012.0,0,0.0,0.0,None,Very Close,1
812,d,a,2590.0,9.0,2012.0,0,0.0,0.0,None,Moderate,1
813,a,a,1560.0,9.0,2003.0,0,0.0,0.0,None,Close,1
814,d,c,24530.0,7.0,2013.0,0,0.0,0.0,None,Far,1
815,a,a,590.0,1.0,1900.0,1,40.0,2014.0,"Jan,Apr,Jul,Oct",Close,1
816,c,c,460.0,0.0,0.0,0,0.0,0.0,None,Very Close,1
817,a,a,140.0,3.0,2006.0,0,0.0,0.0,None,Very Close,1
818,d,a,490.0,0.0,0.0,1,35.0,2010.0,"Mar,Jun,Sept,Dec",Very Close,1
819,a,c,720.0,10.0,2014.0,0,0.0,0.0,None,Close,1
820,a,c,1650.0,0.0,0.0,1,40.0,2014.0,"Jan,Apr,Jul,Oct",Close,1
821,a,a,1700.0,9.0,2009.0,0,0.0,0.0,None,Close,1
822,a,c,410.0,11.0,2010.0,1,48.0,2010.0,"Mar,Jun,Sept,Dec",Very Close,1
823,a,c,16210.0,11.0,2010.0,0,0.0,0.0,None,Far,1
824,a,a,17570.0,0.0,0.0,0,0.0,0.0,None,Far,1
825,a,a,380.0,5.0,2011.0,1,40.0,2014.0,"Jan,Apr,Jul,Oct",Very Close,1
826,a,c,7980.0,6.0,2005.0,0,0.0,0.0,None,Far,1
827,a,c,250.0,1.0,2005.0,0,0.0,0.0,None,Very Close,1
828,d,c,3290.0,12.0,2014.0,0,0.0,0.0,None,Moderate,1
829,c,a,110.0,0.0,0.0,0,0.0,0.0,None,Very Close,1
830,a,c,6320.0,0.0,0.0,1,5.0,2011.0,"Jan,Apr,Jul,Oct",Far,1
831,a,a,800.0,6.0,2007.0,0,0.0,0.0,None,Close,1
832,d,a,5070.0,0.0,0.0,1,45.0,2009.0,"Feb,May,Aug,Nov",Far,1
833,d,c,3290.0,12.0,1999.0,1,35.0,2010.0,"Mar,Jun,Sept,Dec",Moderate,1
834,a,a,3470.0,3.0,2012.0,0,0.0,0.0,None,Moderate,1
835,a,a,2890.0,12.0,2007.0,1,10.0,2014.0,"Mar,Jun,Sept,Dec",Moderate,1
836,a,a,2720.0,9.0,2012.0,0,0.0,0.0,None,Moderate,1
837,a,c,14600.0,4.0,2015.0,0,0.0,0.0,None,Far,1
838,d,c,6890.0,0.0,0.0,1,48.0,2011.0,"Mar,Jun,Sept,Dec",Far,1
839,c,a,240.0,1.0,2015.0,0,0.0,0.0,None,Very Close,1
840,a,a,1070.0,9.0,2009.0,0,0.0,0.0,None,Close,1
841,a,a,27650.0,8.0,2004.0,0,0.0,0.0,None,Far,1
842,d,c,1200.0,11.0,2007.0,0,0.0,0.0,None,Close,1
843,c,a,60.0,4.0,2006.0,0,0.0,0.0,None,Very Close,1
844,a,a,2030.0,9.0,2012.0,1,18.0,2011.0,"Feb,May,Aug,Nov",Moderate,1
845,d,a,7860.0,11.0,2005.0,1,14.0,2011.0,"Jan,Apr,Jul,Oct",Far,1
846,a,c,8860.0,4.0,2004.0,1,37.0,2009.0,"Jan,Apr,Jul,Oct",Far,1
847,c,c,190.0,0.0,0.0,1,31.0,2013.0,"Feb,May,Aug,Nov",Very Close,1
848,a,c,370.0,7.0,2007.0,1,14.0,2011.0,"Jan,Apr,Jul,Oct",Very Close,1
849,c,c,5000.0,0.0,0.0,0,0.0,0.0,None,Far,1
850,d,a,1120.0,5.0,2007.0,1,31.0,2013.0,"Jan,Apr,Jul,Oct",Close,1
851,d,c,2330.0,0.0,0.0,1,49.0,2014.0,"Mar,Jun,Sept,Dec",Moderate,1
852,c,a,940.0,4.0,2004.0,1,14.0,2011.0,"Jan,Apr,Jul,Oct",Close,1
853,a,a,14040.0,0.0,0.0,0,0.0,0.0,None,Far,1
854,c,a,4770.0,0.0,0.0,1,13.0,2010.0,"Jan,Apr,Jul,Oct",Moderate,1
855,a,a,3440.0,0.0,0.0,1,45.0,2009.0,"Feb,May,Aug,Nov",Moderate,1
856,a,a,3020.0,2.0,2010.0,0,0.0,0.0,None,Moderate,1
857,c,a,6270.0,8.0,2005.0,1,23.0,2014.0,"Mar,Jun,Sept,Dec",Far,1
858,a,a,3370.0,12.0,2008.0,1,40.0,2014.0,"Jan,Apr,Jul,Oct",Moderate,1
859,c,a,21770.0,7.0,2015.0,0,0.0,0.0,None,Far,1
860,c,c,5980.0,2.0,2010.0,0,0.0,0.0,None,Far,1
861,c,c,740.0,0.0,0.0,1,14.0,2013.0,"Mar,Jun,Sept,Dec",Close,1
862,a,c,2840.0,3.0,2010.0,1,14.0,2011.0,"Jan,Apr,Jul,Oct",Moderate,1
863,a,c,21370.0,11.0,2010.0,0,0.0,0.0,None,Far,1
864,a,a,1020.0,10.0,2012.0,1,45.0,2009.0,"Feb,May,Aug,Nov",Close,1
865,d,c,2640.0,0.0,0.0,0,0.0,0.0,None,Moderate,1
866,d,a,9680.0,0.0,0.0,1,5.0,2013.0,"Feb,May,Aug,Nov",Far,1
867,d,c,21810.0,9.0,2012.0,0,0.0,0.0,None,Far,1
868,d,c,1360.0,8.0,2005.0,1,10.0,2014.0,"Jan,Apr,Jul,Oct",Close,1
869,c,a,230.0,10.0,2001.0,1,14.0,2011.0,"Jan,Apr,Jul,Oct",Very Close,1
870,a,a,780.0,4.0,2009.0,0,0.0,0.0,None,Close,1
871,d,c,10620.0,0.0,0.0,0,0.0,0.0,None,Far,1
872,a,c,3860.0,9.0,2014.0,1,23.0,2015.0,"Mar,Jun,Sept,Dec",Moderate,1
873,a,a,2040.0,11.0,2008.0,0,0.0,0.0,None,Moderate,1
874,a,a,3210.0,0.0,0.0,0,0.0,0.0,None,Moderate,1
875,d,a,5070.0,11.0,2007.0,1,18.0,2015.0,"Feb,May,Aug,Nov",Far,1
876,a,a,21790.0,4.0,2005.0,1,18.0,2015.0,"Feb,May,Aug,Nov",Far,1
877,a,c,29190.0,0.0,0.0,0,0.0,0.0,None,Far,1
878,d,c,1100.0,12.0,2014.0,0,0.0,0.0,None,Close,1
879,d,a,2325.0,0.0,0.0,1,5.0,2013.0,"Feb,May,Aug,Nov",Moderate,1
880,a,c,4570.0,0.0,0.0,0,0.0,0.0,None,Moderate,1
881,a,a,180.0,3.0,2008.0,1,31.0,2013.0,"Feb,May,Aug,Nov",Very Close,1
882,a,a,30.0,4.0,2013.0,0,0.0,0.0,None,Very Close,1
883,a,a,3200.0,6.0,2005.0,0,0.0,0.0,None,Moderate,1
884,d,c,7550.0,0.0,0.0,0,0.0,0.0,None,Far,1
885,a,a,480.0,12.0,2005.0,0,0.0,0.0,None,Very Close,1
886,a,c,12430.0,10.0,2004.0,0,0.0,0.0,None,Far,1
887,d,a,19700.0,0.0,0.0,1,37.0,2009.0,"Jan,Apr,Jul,Oct",Far,1
888,d,a,4450.0,6.0,2012.0,1,35.0,2012.0,"Mar,Jun,Sept,Dec",Moderate,1
889,d,a,18670.0,12.0,2005.0,0,0.0,0.0,None,Far,1
890,a,a,4450.0,0.0,0.0,1,14.0,2011.0,"Jan,Apr,Jul,Oct",Moderate,1
891,a,c,350.0,0.0,0.0,1,31.0,2013.0,"Feb,May,Aug,Nov",Very Close,1
892,a,a,19370.0,4.0,2002.0,0,0.0,0.0,None,Far,1
893,a,a,130.0,0.0,0.0,1,1.0,2013.0,"Jan,Apr,Jul,Oct",Very Close,1
894,a,a,190.0,11.0,2012.0,0,0.0,0.0,None,Very Close,1
895,a,c,4150.0,0.0,0.0,0,0.0,0.0,None,Moderate,1
896,a,c,170.0,9.0,2012.0,0,0.0,0.0,None,Very Close,1
897,c,c,3290.0,1.0,2007.0,1,5.0,2013.0,"Feb,May,Aug,Nov",Moderate,1
898,a,a,18540.0,0.0,0.0,0,0.0,0.0,None,Far,1
899,d,a,2590.0,0.0,0.0,1,13.0,2010.0,"Jan,Apr,Jul,Oct",Moderate,1
900,a,a,3920.0,4.0,2005.0,1,40.0,2014.0,"Jan,Apr,Jul,Oct",Moderate,1
901,a,c,3170.0,4.0,2014.0,0,0.0,0.0,None,Moderate,1
902,a,a,310.0,5.0,2015.0,1,40.0,2014.0,"Jan,Apr,Jul,Oct",Very Close,1
903,d,c,7290.0,9.0,2014.0,0,0.0,0.0,None,Far,1
904,d,c,570.0,7.0,2013.0,1,14.0,2011.0,"Jan,Apr,Jul,Oct",Close,1
905,a,a,90.0,6.0,2014.0,0,0.0,0.0,None,Very Close,1
906,a,a,90.0,7.0,2010.0,0,0.0,0.0,None,Very Close,1
907,a,c,250.0,0.0,0.0,0,0.0,0.0,None,Very Close,1
908,a,a,1980.0,7.0,2010.0,1,37.0,2009.0,"Jan,Apr,Jul,Oct",Close,1
909,a,c,1680.0,0.0,0.0,1,45.0,2009.0,"Feb,May,Aug,Nov",Close,1
910,d,c,12480.0,0.0,0.0,1,1.0,2013.0,"Jan,Apr,Jul,Oct",Far,1
911,a,c,16490.0,0.0,0.0,0,0.0,0.0,None,Far,1
912,c,c,3100.0,5.0,2010.0,0,0.0,0.0,None,Moderate,1
913,a,a,280.0,0.0,0.0,0,0.0,0.0,None,Very Close,1
914,c,c,2640.0,4.0,2011.0,1,22.0,2012.0,"Mar,Jun,Sept,Dec",Moderate,1
915,d,c,650.0,3.0,2013.0,1,40.0,2014.0,"Jan,Apr,Jul,Oct",Close,1
916,a,a,90.0,11.0,2012.0,0,0.0,0.0,None,Very Close,1
917,a,a,7240.0,2.0,2010.0,0,0.0,0.0,None,Far,1
918,a,c,18710.0,4.0,2015.0,0,0.0,0.0,None,Far,1
919,a,a,2620.0,0.0,0.0,1,45.0,2009.0,"Feb,May,Aug,Nov",Moderate,1
920,a,a,850.0,2.0,2012.0,1,40.0,2014.0,"Jan,Apr,Jul,Oct",Close,1
921,a,a,840.0,9.0,2006.0,0,0.0,0.0,None,Close,1
922,d,a,2110.0,3.0,2006.0,0,0.0,0.0,None,Moderate,1
923,a,a,280.0,9.0,2008.0,0,0.0,0.0,None,Very Close,1
924,a,a,6420.0,4.0,2011.0,1,1.0,2012.0,"Jan,Apr,Jul,Oct",Far,1
925,c,a,470.0,3.0,2007.0,1,1.0,2012.0,"Jan,Apr,Jul,Oct",Very Close,1
926,d,c,5150.0,3.0,2011.0,1,13.0,2010.0,"Jan,Apr,Jul,Oct",Far,1
927,a,a,480.0,0.0,0.0,0,0.0,0.0,None,Very Close,1
928,d,c,1090.0,0.0,0.0,1,31.0,2013.0,"Feb,May,Aug,Nov",Close,1
929,a,c,4820.0,9.0,2013.0,0,0.0,0.0,None,Moderate,1
930,a,a,70.0,0.0,0.0,0,0.0,0.0,None,Very Close,1
931,a,c,1480.0,9.0,2011.0,1,1.0,2012.0,"Jan,Apr,Jul,Oct",Close,1
932,a,a,15700.0,0.0,0.0,1,13.0,2010.0,"Jan,Apr,Jul,Oct",Far,1
933,a,c,6270.0,2.0,2005.0,0,0.0,0.0,None,Far,1
934,a,c,5460.0,0.0,0.0,1,14.0,2011.0,"Jan,Apr,Jul,Oct",Far,1
935,a,c,22350.0,6.0,2010.0,0,0.0,0.0,None,Far,1
936,a,a,580.0,2.0,2008.0,0,0.0,0.0,None,Close,1
937,d,a,2810.0,0.0,0.0,1,10.0,2014.0,"Jan,Apr,Jul,Oct",Moderate,1
938,a,a,2820.0,9.0,2009.0,0,0.0,0.0,None,Moderate,1
939,d,a,1340.0,0.0,0.0,0,0.0,0.0,None,Close,1
940,d,c,6470.0,9.0,2012.0,0,0.0,0.0,None,Far,1
941,a,a,1200.0,12.0,2011.0,1,31.0,2013.0,"Jan,Apr,Jul,Oct",Close,1
942,d,c,6860.0,0.0,0.0,1,18.0,2011.0,"Jan,Apr,Jul,Oct",Far,1
943,d,c,18020.0,0.0,0.0,0,0.0,0.0,None,Far,1
944,c,a,1670.0,7.0,2015.0,0,0.0,0.0,None,Close,1
945,a,c,12480.0,3.0,2011.0,0,0.0,0.0,None,Far,1
946,a,a,2220.0,12.0,2011.0,1,14.0,2015.0,"Jan,Apr,Jul,Oct",Moderate,1
947,a,a,460.0,3.0,2014.0,1,13.0,2010.0,"Jan,Apr,Jul,Oct",Very Close,1
948,b,b,1430.0,0.0,0.0,0,0.0,0.0,None,Close,1
949,a,a,870.0,3.0,2006.0,0,0.0,0.0,None,Close,1
950,a,a,8460.0,11.0,1994.0,0,0.0,0.0,None,Far,1
951,d,c,710.0,0.0,0.0,1,40.0,2011.0,"Jan,Apr,Jul,Oct",Close,1
952,d,c,6300.0,10.0,2013.0,0,0.0,0.0,None,Far,1
953,a,a,19830.0,4.0,2006.0,1,22.0,2011.0,"Mar,Jun,Sept,Dec",Far,1
954,a,a,390.0,2.0,2013.0,1,10.0,2014.0,"Jan,Apr,Jul,Oct",Very Close,1
955,d,c,1690.0,7.0,2009.0,1,36.0,2013.0,"Mar,Jun,Sept,Dec",Close,1
956,a,a,2330.0,10.0,2014.0,1,18.0,2011.0,"Feb,May,Aug,Nov",Moderate,1
957,d,c,1420.0,11.0,2012.0,0,0.0,0.0,None,Close,1
958,a,a,440.0,11.0,2013.0,0,0.0,0.0,None,Very Close,1
959,a,c,1060.0,12.0,2005.0,0,0.0,0.0,None,Close,1
960,d,a,8990.0,0.0,0.0,1,31.0,2009.0,"Feb,May,Aug,Nov",Far,1
961,d,c,9430.0,0.0,0.0,0,0.0,0.0,None,Far,1
962,c,a,260.0,0.0,0.0,0,0.0,0.0,None,Very Close,1
963,a,c,23620.0,11.0,2013.0,0,0.0,0.0,None,Far,1
964,a,a,270.0,0.0,0.0,1,5.0,2013.0,"Feb,May,Aug,Nov",Very Close,1
965,a,c,110.0,0.0,0.0,0,0.0,0.0,None,Very Close,1
966,a,a,760.0,2.0,2008.0,0,0.0,0.0,None,Close,1
967,a,c,3560.0,9.0,2013.0,1,36.0,2013.0,"Jan,Apr,Jul,Oct",Moderate,1
968,c,a,1190.0,0.0,0.0,0,0.0,0.0,None,Close,1
969,a,c,600.0,11.0,1999.0,1,10.0,2013.0,"Jan,Apr,Jul,Oct",Close,1
970,a,a,910.0,12.0,2014.0,1,37.0,2009.0,"Jan,Apr,Jul,Oct",Close,1
971,c,a,1140.0,5.0,2011.0,1,14.0,2012.0,"Mar,Jun,Sept,Dec",Close,1
972,a,a,14960.0,0.0,0.0,0,0.0,0.0,None,Far,1
973,d,c,330.0,0.0,0.0,1,28.0,2012.0,"Jan,Apr,Jul,Oct",Very Close,1
974,a,a,150.0,3.0,2011.0,1,40.0,2014.0,"Jan,Apr,Jul,Oct",Very Close,1
975,a,c,9630.0,0.0,0.0,1,14.0,2011.0,"Jan,Apr,Jul,Oct",Far,1
976,a,a,4180.0,0.0,0.0,0,0.0,0.0,None,Moderate,1
977,a,a,520.0,9.0,2005.0,1,13.0,2010.0,"Jan,Apr,Jul,Oct",Close,1
978,c,c,3890.0,0.0,0.0,0,0.0,0.0,None,Moderate,1
979,a,c,2270.0,11.0,2005.0,1,14.0,2011.0,"Jan,Apr,Jul,Oct",Moderate,1
980,a,a,4420.0,9.0,2005.0,0,0.0,0.0,None,Moderate,1
981,d,c,2620.0,11.0,2002.0,0,0.0,0.0,None,Moderate,1
982,d,a,21930.0,0.0,0.0,0,0.0,0.0,None,Far,1
983,a,a,40.0,3.0,2014.0,1,1.0,2014.0,"Jan,Apr,Jul,Oct",Very Close,1
984,c,a,440.0,0.0,0.0,1,1.0,2013.0,"Jan,Apr,Jul,Oct",Very Close,1
985,c,c,490.0,5.0,2007.0,1,13.0,2010.0,"Jan,Apr,Jul,Oct",Very Close,1
986,a,a,620.0,10.0,2014.0,1,18.0,2014.0,"Feb,May,Aug,Nov",Close,1
987,c,a,1690.0,6.0,2007.0,0,0.0,0.0,None,Close,1
988,a,a,30.0,11.0,2012.0,0,0.0,0.0,None,Very Close,1
989,a,a,1640.0,6.0,2006.0,1,40.0,2011.0,"Jan,Apr,Jul,Oct",Close,1
990,d,a,20930.0,0.0,0.0,0,0.0,0.0,None,Far,1
991,a,a,1010.0,0.0,0.0,0,0.0,0.0,None,Close,1
992,a,a,2480.0,7.0,1990.0,0,0.0,0.0,None,Moderate,1
993,d,c,3460.0,10.0,2013.0,1,10.0,2014.0,"Jan,Apr,Jul,Oct",Moderate,1
994,a,a,2290.0,7.0,2011.0,1,1.0,2012.0,"Jan,Apr,Jul,Oct",Moderate,1
995,d,a,6560.0,12.0,2013.0,0,0.0,0.0,None,Far,1
996,c,a,2870.0,7.0,2015.0,1,13.0,2010.0,"Jan,Apr,Jul,Oct",Moderate,1
997,d,c,5840.0,7.0,2010.0,1,37.0,2009.0,"Jan,Apr,Jul,Oct",Far,1
998,a,a,780.0,9.0,2005.0,1,5.0,2013.0,"Feb,May,Aug,Nov",Close,1
999,d,c,15140.0,2.0,2002.0,1,37.0,2009.0,"Jan,Apr,Jul,Oct",Far,1
1000,a,c,2230.0,5.0,2009.0,1,40.0,2014.0,"Jan,Apr,Jul,Oct",Moderate,1
1001,c,a,19640.0,0.0,0.0,1,14.0,2011.0,"Jan,Apr,Jul,Oct",Far,1
1002,d,c,1130.0,11.0,2008.0,0,0.0,0.0,None,Close,1
1003,a,a,170.0,7.0,2013.0,1,27.0,2013.0,"Jan,Apr,Jul,Oct",Very Close,1
1004,d,c,970.0,0.0,0.0,1,9.0,2011.0,"Mar,Jun,Sept,Dec",Close,1
1005,a,a,6480.0,0.0,0.0,0,0.0,0.0,None,Far,1
1006,c,c,3890.0,11.0,2006.0,1,5.0,2013.0,"Feb,May,Aug,Nov",Moderate,1
1007,c,c,4180.0,9.0,2012.0,0,0.0,0.0,None,Moderate,1
1008,a,c,30.0,9.0,2010.0,0,0.0,0.0,None,Very Close,1
1009,a,a,230.0,7.0,2004.0,1,10.0,2014.0,"Jan,Apr,Jul,Oct",Very Close,1
1010,d,c,4610.0,6.0,2010.0,1,18.0,2010.0,"Feb,May,Aug,Nov",Moderate,1
1011,a,c,490.0,9.0,2012.0,1,18.0,2011.0,"Feb,May,Aug,Nov",Very Close,1
1012,d,c,6330.0,6.0,2004.0,1,39.0,2010.0,"Jan,Apr,Jul,Oct",Far,1
1013,a,a,630.0,2.0,2015.0,1,31.0,2013.0,"Feb,May,Aug,Nov",Close,1
1014,a,c,210.0,0.0,0.0,1,31.0,2013.0,"Jan,Apr,Jul,Oct",Very Close,1
1015,d,c,9910.0,12.0,2010.0,1,9.0,2011.0,"Mar,Jun,Sept,Dec",Far,1
1016,c,c,550.0,0.0,0.0,1,35.0,2010.0,"Mar,Jun,Sept,Dec",Close,1
1017,c,a,110.0,11.0,2008.0,0,0.0,0.0,None,Very Close,1
1018,c,c,140.0,9.0,2012.0,0,0.0,0.0,None,Very Close,1
1019,d,c,2740.0,7.0,2014.0,1,13.0,2010.0,"Jan,Apr,Jul,Oct",Moderate,1
1020,a,a,40.0,8.0,2015.0,0,0.0,0.0,None,Very Close,1
1021,a,a,1080.0,5.0,2011.0,0,0.0,0.0,None,Close,1
1022,a,c,1520.0,0.0,0.0,0,0.0,0.0,None,Close,1
1023,c,a,3740.0,2.0,2002.0,1,14.0,2011.0,"Jan,Apr,Jul,Oct",Moderate,1
1024,c,c,1990.0,1.0,2012.0,0,0.0,0.0,None,Close,1
1025,a,a,720.0,11.0,2009.0,0,0.0,0.0,None,Close,1
1026,c,a,450.0,6.0,2011.0,1,48.0,2012.0,"Mar,Jun,Sept,Dec",Very Close,1
1027,a,c,190.0,6.0,2008.0,1,40.0,2011.0,"Jan,Apr,Jul,Oct",Very Close,1
1028,a,a,150.0,0.0,0.0,1,31.0,2013.0,"Jan,Apr,Jul,Oct",Very Close,1
1029,a,a,1590.0,3.0,2006.0,0,0.0,0.0,None,Close,1
1030,a,a,36410.0,4.0,2008.0,0,0.0,0.0,None,Far,1
1031,d,a,590.0,5.0,2001.0,0,0.0,0.0,None,Close,1
1032,d,c,270.0,2.0,2013.0,1,40.0,2012.0,"Jan,Apr,Jul,Oct",Very Close,1
1033,a,a,7680.0,3.0,2006.0,0,0.0,0.0,None,Far,1
1034,a,a,13750.0,4.0,2015.0,0,0.0,0.0,None,Far,1
1035,a,a,27150.0,0.0,0.0,0,0.0,0.0,None,Far,1
1036,d,c,9560.0,0.0,0.0,1,36.0,2013.0,"Jan,Apr,Jul,Oct",Far,1
1037,a,c,150.0,0.0,0.0,0,0.0,0.0,None,Very Close,1
1038,d,a,17290.0,10.0,2013.0,0,0.0,0.0,None,Far,1
1039,a,c,70.0,6.0,1990.0,1,22.0,2012.0,"Mar,Jun,Sept,Dec",Very Close,1
1040,a,a,4030.0,2.0,2013.0,1,10.0,2014.0,"Jan,Apr,Jul,Oct",Moderate,1
1041,c,a,1600.0,8.0,2013.0,1,40.0,2014.0,"Jan,Apr,Jul,Oct",Close,1
1042,a,a,3440.0,0.0,0.0,1,31.0,2013.0,"Feb,May,Aug,Nov",Moderate,1
1043,c,a,420.0,3.0,2006.0,0,0.0,0.0,None,Very Close,1
1044,c,a,240.0,4.0,2015.0,1,13.0,2010.0,"Jan,Apr,Jul,Oct",Very Close,1
1045,a,c,26990.0,12.0,2013.0,0,0.0,0.0,None,Far,1
1046,d,c,29070.0,4.0,2005.0,0,0.0,0.0,None,Far,1
1047,a,a,3750.0,0.0,0.0,1,45.0,2009.0,"Feb,May,Aug,Nov",Moderate,1
1048,d,c,1860.0,9.0,2012.0,1,40.0,2012.0,"Jan,Apr,Jul,Oct",Close,1
1049,a,a,370.0,7.0,2012.0,1,14.0,2011.0,"Jan,Apr,Jul,Oct",Very Close,1
1050,d,c,13170.0,8.0,2014.0,1,9.0,2011.0,"Mar,Jun,Sept,Dec",Far,1
1051,c,a,200.0,7.0,1998.0,1,1.0,2012.0,"Jan,Apr,Jul,Oct",Very Close,1
1052,a,c,5080.0,0.0,0.0,1,31.0,2013.0,"Feb,May,Aug,Nov",Far,1
1053,a,a,1710.0,7.0,2015.0,0,0.0,0.0,None,Close,1
1054,a,c,13190.0,0.0,0.0,1,45.0,2013.0,"Feb,May,Aug,Nov",Far,1
1055,c,a,1980.0,4.0,2009.0,0,0.0,0.0,None,Close,1
1056,d,c,5350.0,0.0,0.0,1,40.0,2012.0,"Jan,Apr,Jul,Oct",Far,1
1057,d,c,3230.0,11.0,2011.0,0,0.0,0.0,None,Moderate,1
1058,a,c,180.0,0.0,0.0,1,35.0,2010.0,"Mar,Jun,Sept,Dec",Very Close,1
1059,c,a,3380.0,4.0,2013.0,0,0.0,0.0,None,Moderate,1
1060,a,c,3430.0,0.0,0.0,1,31.0,2013.0,"Feb,May,Aug,Nov",Moderate,1
1061,d,c,8110.0,0.0,0.0,0,0.0,0.0,None,Far,1
1062,d,a,190.0,9.0,2012.0,1,40.0,2012.0,"Feb,May,Aug,Nov",Very Close,1
1063,a,c,6250.0,0.0,0.0,0,0.0,0.0,None,Far,1
1064,a,c,420.0,0.0,0.0,0,0.0,0.0,None,Very Close,1
1065,a,a,1290.0,0.0,0.0,1,35.0,2011.0,"Mar,Jun,Sept,Dec",Close,1
1066,a,a,3350.0,0.0,0.0,0,0.0,0.0,None,Moderate,1
1067,d,c,12020.0,7.0,2009.0,0,0.0,0.0,None,Far,1
1068,d,c,5010.0,0.0,0.0,1,5.0,2013.0,"Jan,Apr,Jul,Oct",Far,1
1069,a,c,18050.0,0.0,0.0,1,14.0,2011.0,"Jan,Apr,Jul,Oct",Far,1
1070,c,c,400.0,10.0,2008.0,0,0.0,0.0,None,Very Close,1
1071,a,a,820.0,3.0,2012.0,1,35.0,2012.0,"Mar,Jun,Sept,Dec",Close,1
1072,a,c,5380.0,8.0,2015.0,1,5.0,2010.0,"Feb,May,Aug,Nov",Far,1
1073,a,c,1710.0,0.0,0.0,1,44.0,2012.0,"Jan,Apr,Jul,Oct",Close,1
1074,c,c,3330.0,10.0,2001.0,1,14.0,2011.0,"Jan,Apr,Jul,Oct",Moderate,1
1075,a,c,1410.0,10.0,2013.0,0,0.0,0.0,None,Close,1
1076,a,c,90.0,0.0,0.0,1,1.0,2013.0,"Jan,Apr,Jul,Oct",Very Close,1
1077,a,a,3750.0,11.0,2001.0,1,35.0,2010.0,"Mar,Jun,Sept,Dec",Moderate,1
1078,d,c,670.0,0.0,0.0,1,40.0,2011.0,"Jan,Apr,Jul,Oct",Close,1
1079,a,a,16680.0,0.0,0.0,1,37.0,2009.0,"Jan,Apr,Jul,Oct",Far,1
1080,a,a,2410.0,0.0,0.0,1,40.0,2014.0,"Jan,Apr,Jul,Oct",Moderate,1
1081,b,a,400.0,3.0,2006.0,0,0.0,0.0,None,Very Close,1
1082,c,a,440.0,4.0,2002.0,0,0.0,0.0,None,Very Close,1
1083,d,c,11540.0,0.0,0.0,1,5.0,2013.0,"Feb,May,Aug,Nov",Far,1
1084,a,a,190.0,0.0,0.0,1,13.0,2010.0,"Jan,Apr,Jul,Oct",Very Close,1
1085,c,a,4030.0,2.0,2015.0,0,0.0,0.0,None,Moderate,1
1086,a,a,180.0,11.0,2013.0,1,18.0,2011.0,"Feb,May,Aug,Nov",Very Close,1
1087,d,c,2210.0,11.0,2011.0,0,0.0,0.0,None,Moderate,1
1088,a,a,4300.0,3.0,2009.0,1,27.0,2013.0,"Jan,Apr,Jul,Oct",Moderate,1
1089,d,a,5220.0,5.0,2009.0,0,0.0,0.0,None,Far,1
1090,a,a,330.0,0.0,0.0,1,14.0,2011.0,"Jan,Apr,Jul,Oct",Very Close,1
1091,a,c,9990.0,0.0,0.0,0,0.0,0.0,None,Far,1
1092,a,a,300.0,7.0,2000.0,1,40.0,2014.0,"Jan,Apr,Jul,Oct",Very Close,1
1093,c,c,10450.0,6.0,2009.0,0,0.0,0.0,None,Far,1
1094,d,a,2380.0,3.0,2013.0,1,40.0,2014.0,"Jan,Apr,Jul,Oct",Moderate,1
1095,a,a,690.0,6.0,2007.0,1,14.0,2011.0,"Jan,Apr,Jul,Oct",Close,1
1096,a,c,1130.0,0.0,0.0,1,10.0,2014.0,"Mar,Jun,Sept,Dec",Close,1
1097,b,b,720.0,3.0,2002.0,0,0.0,0.0,None,Close,1
1098,a,a,1830.0,11.0,2004.0,0,0.0,0.0,None,Close,1
1099,a,c,200.0,4.0,2013.0,1,14.0,2013.0,"Jan,Apr,Jul,Oct",Very Close,1
1100,a,a,540.0,0.0,0.0,1,14.0,2011.0,"Jan,Apr,Jul,Oct",Close,1
1101,d,c,4060.0,9.0,2012.0,0,0.0,0.0,None,Moderate,1
1102,a,a,850.0,11.0,2012.0,1,40.0,2014.0,"Jan,Apr,Jul,Oct",Close,1
1103,d,c,1340.0,10.0,2006.0,1,5.0,2013.0,"Feb,May,Aug,Nov",Close,1
1104,d,a,260.0,2.0,2012.0,1,14.0,2011.0,"Jan,Apr,Jul,Oct",Very Close,1
1105,c,c,330.0,11.0,2008.0,1,5.0,2013.0,"Feb,May,Aug,Nov",Very Close,1
1106,a,c,5330.0,9.0,2011.0,1,31.0,2013.0,"Jan,Apr,Jul,Oct",Far,1
1107,a,a,1400.0,6.0,2012.0,1,13.0,2010.0,"Jan,Apr,Jul,Oct",Close,1
1108,a,a,540.0,4.0,2004.0,0,0.0,0.0,None,Close,1
1109,c,a,3490.0,4.0,2011.0,1,22.0,2012.0,"Jan,Apr,Jul,Oct",Moderate,1
1110,c,c,900.0,9.0,2010.0,0,0.0,0.0,None,Close,1
1111,a,a,1900.0,6.0,2014.0,1,31.0,2013.0,"Jan,Apr,Jul,Oct",Close,1
1112,c,c,1880.0,4.0,2006.0,0,0.0,0.0,None,Close,1
1113,a,c,9260.0,0.0,0.0,0,0.0,0.0,None,Far,1
1114,a,c,870.0,0.0,0.0,0,0.0,0.0,None,Close,1
1115,d,c,5350.0,0.0,0.0,1,22.0,2012.0,"Mar,Jun,Sept,Dec",Far,1
